"1963 , 155 , NA , NA"
"1964 , 155 , NA , NA"
"1965 , 155 , NA , NA"
"1966 , 155 , NA , NA"
"1967 , 155 , NA , NA"
"1968 , 155 , NA , NA"
"1969 , 155 , NA , NA"
"1970 , 155 , NA , NA"
"1971 , 155 , NA , NA"
"1972 , 155 , NA , NA"
"1973 , 155 , NA , NA"
"1974 , 155 , NA , NA"
"1975 , 155 , NA , NA"
"1976 , 155 , NA , NA"
"1977 , 155 , NA , NA"
"1978 , 155 , NA , NA"
"1979 , 155 , NA , NA"
"1980 , 155 , NA , NA"
"1981 , 155 , NA , NA"
"1982 , 155 , NA , NA"
"1983 , 155 , NA , NA"
"1984 , 155 , NA , NA"
"1985 , 155 , NA , NA"
"1986 , 155 , NA , NA"
"1987 , 155 , NA , NA"
"1988 , 155 , NA , NA"
"1989 , 155 , NA , NA"
"1990 , 155 , NA , NA"
"1991 , 155 , NA , NA"
"1992 , 155 , NA , NA"
"1993 , 155 , NA , NA"
"1994 , 155 , NA , NA"
"1995 , 155 , NA , NA"
"1996 , 155 , NA , NA"
"1997 , 155 , NA , NA"
"1998 , 155 , NA , NA"
"1999 , 155 , NA , NA"
"2000 , 155 , NA , NA"
"2001 , 155 , NA , NA"
"2002 , 155 , NA , NA"
"2003 , 155 , NA , NA"
"2004 , 155 , NA , NA"
"2005 , 155 , NA , NA"
"2006 , 155 , NA , NA"
"2007 , 155 , NA , NA"
"2008 , 155 , NA , NA"
"2009 , 155 , NA , NA"
"2010 , 155 , NA , NA"
"2011 , 155 , NA , NA"
"2012 , 155 , NA , NA"
"2013 , 155 , NA , NA"
"2014 , 155 , NA , NA"
"2015 , 155 , NA , NA"
"2016 , 155 , NA , NA"
"1963 , 33 , NA , NA"
"1964 , 33 , NA , NA"
"1965 , 33 , NA , NA"
"1966 , 33 , NA , NA"
"1967 , 33 , NA , NA"
"1968 , 33 , NA , NA"
"1969 , 33 , NA , NA"
"1970 , 33 , NA , NA"
"1971 , 33 , NA , NA"
"1972 , 33 , NA , NA"
"1973 , 33 , NA , NA"
"1974 , 33 , NA , NA"
"1975 , 33 , NA , NA"
"1976 , 33 , NA , NA"
"1977 , 33 , NA , NA"
"1978 , 33 , NA , NA"
"1979 , 33 , NA , NA"
"1980 , 33 , NA , NA"
"1981 , 33 , NA , NA"
"1982 , 33 , NA , NA"
"1983 , 33 , NA , NA"
"1984 , 33 , NA , NA"
"1985 , 33 , NA , NA"
"1986 , 33 , NA , NA"
"1987 , 33 , NA , NA"
"1988 , 33 , NA , NA"
"1989 , 33 , NA , NA"
"1990 , 33 , NA , NA"
"1991 , 33 , NA , NA"
"1992 , 33 , NA , NA"
"1993 , 33 , NA , NA"
"1994 , 33 , NA , NA"
"1995 , 33 , NA , NA"
"1996 , 33 , NA , NA"
"1997 , 33 , NA , NA"
"1998 , 33 , NA , NA"
"1999 , 33 , NA , NA"
"2000 , 33 , NA , NA"
"2001 , 33 , NA , NA"
"2002 , 33 , NA , NA"
"2003 , 33 , NA , NA"
"2004 , 33 , NA , NA"
"2005 , 33 , NA , NA"
"2006 , 33 , NA , NA"
"2007 , 33 , NA , NA"
"2008 , 33 , NA , NA"
"2009 , 33 , NA , NA"
"2010 , 33 , NA , NA"
"2011 , 33 , NA , NA"
"2012 , 33 , NA , NA"
"2013 , 33 , NA , NA"
"2014 , 33 , NA , NA"
"2015 , 33 , NA , NA"
"2016 , 33 , NA , NA"
"1963 , 301 , NA , NA"
"1964 , 301 , NA , NA"
"1965 , 301 , NA , NA"
"1966 , 301 , NA , NA"
"1967 , 301 , NA , NA"
"1968 , 301 , NA , NA"
"1969 , 301 , NA , NA"
"1970 , 301 , NA , NA"
"1971 , 301 , NA , NA"
"1972 , 301 , NA , NA"
"1973 , 301 , NA , NA"
"1974 , 301 , NA , NA"
"1975 , 301 , NA , NA"
"1976 , 301 , NA , NA"
"1977 , 301 , NA , NA"
"1978 , 301 , NA , NA"
"1979 , 301 , NA , NA"
"1980 , 301 , NA , NA"
"1981 , 301 , NA , NA"
"1982 , 301 , NA , NA"
"1983 , 301 , NA , NA"
"1984 , 301 , NA , NA"
"1985 , 301 , NA , NA"
"1986 , 301 , NA , NA"
"1987 , 301 , NA , NA"
"1988 , 301 , NA , NA"
"1989 , 301 , NA , NA"
"1990 , 301 , NA , NA"
"1991 , 301 , NA , NA"
"1992 , 301 , NA , NA"
"1993 , 301 , NA , NA"
"1994 , 301 , NA , NA"
"1995 , 301 , NA , NA"
"1996 , 301 , NA , NA"
"1997 , 301 , NA , NA"
"1998 , 301 , NA , NA"
"1999 , 301 , NA , NA"
"2000 , 301 , NA , NA"
"2001 , 301 , NA , NA"
"2002 , 301 , NA , NA"
"2003 , 301 , NA , NA"
"2004 , 301 , NA , NA"
"2005 , 301 , NA , NA"
"2006 , 301 , NA , NA"
"2007 , 301 , NA , NA"
"2008 , 301 , NA , NA"
"2009 , 301 , NA , NA"
"2010 , 301 , NA , NA"
"2011 , 301 , NA , NA"
"2012 , 301 , NA , NA"
"2013 , 301 , NA , NA"
"2014 , 301 , NA , NA"
"2015 , 301 , NA , NA"
"2016 , 301 , NA , NA"
"1963 , 102 , NA , NA"
"1964 , 102 , NA , NA"
"1965 , 102 , NA , NA"
"1966 , 102 , NA , NA"
"1967 , 102 , NA , NA"
"1968 , 102 , NA , NA"
"1969 , 102 , NA , NA"
"1970 , 102 , NA , NA"
"1971 , 102 , NA , NA"
"1972 , 102 , NA , NA"
"1973 , 102 , NA , NA"
"1974 , 102 , NA , NA"
"1975 , 102 , NA , NA"
"1976 , 102 , NA , NA"
"1977 , 102 , NA , NA"
"1978 , 102 , NA , NA"
"1979 , 102 , NA , NA"
"1980 , 102 , NA , NA"
"1981 , 102 , NA , NA"
"1982 , 102 , NA , NA"
"1983 , 102 , NA , NA"
"1984 , 102 , NA , NA"
"1985 , 102 , NA , NA"
"1986 , 102 , NA , NA"
"1987 , 102 , NA , NA"
"1988 , 102 , NA , NA"
"1989 , 102 , NA , NA"
"1990 , 102 , NA , NA"
"1991 , 102 , NA , NA"
"1992 , 102 , NA , NA"
"1993 , 102 , NA , NA"
"1994 , 102 , NA , NA"
"1995 , 102 , NA , NA"
"1996 , 102 , NA , NA"
"1997 , 102 , NA , NA"
"1998 , 102 , NA , NA"
"1999 , 102 , NA , NA"
"2000 , 102 , NA , NA"
"2001 , 102 , NA , NA"
"2002 , 102 , NA , NA"
"2003 , 102 , NA , NA"
"2004 , 102 , NA , NA"
"2005 , 102 , NA , NA"
"2006 , 102 , NA , NA"
"2007 , 102 , NA , NA"
"2008 , 102 , NA , NA"
"2009 , 102 , NA , NA"
"2010 , 102 , NA , NA"
"2011 , 102 , NA , NA"
"2012 , 102 , NA , NA"
"2013 , 102 , NA , NA"
"2014 , 102 , NA , NA"
"2015 , 102 , NA , NA"
"2016 , 102 , NA , NA"
"1963 , 35 , NA , NA"
"1964 , 35 , NA , NA"
"1965 , 35 , NA , NA"
"1966 , 35 , NA , NA"
"1967 , 35 , NA , NA"
"1968 , 35 , NA , NA"
"1969 , 35 , NA , NA"
"1970 , 35 , NA , NA"
"1971 , 35 , NA , NA"
"1972 , 35 , NA , NA"
"1973 , 35 , NA , NA"
"1974 , 35 , NA , NA"
"1975 , 35 , NA , NA"
"1976 , 35 , NA , NA"
"1977 , 35 , NA , NA"
"1978 , 35 , NA , NA"
"1979 , 35 , NA , NA"
"1980 , 35 , NA , NA"
"1981 , 35 , NA , NA"
"1982 , 35 , NA , NA"
"1983 , 35 , NA , NA"
"1984 , 35 , NA , NA"
"1985 , 35 , NA , NA"
"1986 , 35 , NA , NA"
"1987 , 35 , NA , NA"
"1988 , 35 , NA , NA"
"1989 , 35 , NA , NA"
"1990 , 35 , NA , NA"
"1991 , 35 , NA , NA"
"1992 , 35 , NA , NA"
"1993 , 35 , NA , NA"
"1994 , 35 , NA , NA"
"1995 , 35 , NA , NA"
"1996 , 35 , NA , NA"
"1997 , 35 , NA , NA"
"1998 , 35 , NA , NA"
"1999 , 35 , NA , NA"
"2000 , 35 , NA , NA"
"2001 , 35 , NA , NA"
"2002 , 35 , NA , NA"
"2003 , 35 , NA , NA"
"2004 , 35 , NA , NA"
"2005 , 35 , NA , NA"
"2006 , 35 , NA , NA"
"2007 , 35 , NA , NA"
"2008 , 35 , NA , NA"
"2009 , 35 , NA , NA"
"2010 , 35 , NA , NA"
"2011 , 35 , NA , NA"
"2012 , 35 , NA , NA"
"2013 , 35 , NA , NA"
"2014 , 35 , NA , NA"
"2015 , 35 , NA , NA"
"2016 , 35 , NA , NA"
"1963 , 73 , NA , NA"
"1964 , 73 , NA , NA"
"1965 , 73 , NA , NA"
"1966 , 73 , NA , NA"
"1967 , 73 , NA , NA"
"1968 , 73 , NA , NA"
"1969 , 73 , NA , NA"
"1970 , 73 , NA , NA"
"1971 , 73 , NA , NA"
"1972 , 73 , NA , NA"
"1973 , 73 , NA , NA"
"1974 , 73 , NA , NA"
"1975 , 73 , NA , NA"
"1976 , 73 , NA , NA"
"1977 , 73 , NA , NA"
"1978 , 73 , NA , NA"
"1979 , 73 , NA , NA"
"1980 , 73 , NA , NA"
"1981 , 73 , NA , NA"
"1982 , 73 , NA , NA"
"1983 , 73 , NA , NA"
"1984 , 73 , NA , NA"
"1985 , 73 , NA , NA"
"1986 , 73 , NA , NA"
"1987 , 73 , NA , NA"
"1988 , 73 , NA , NA"
"1989 , 73 , NA , NA"
"1990 , 73 , NA , NA"
"1991 , 73 , NA , NA"
"1992 , 73 , NA , NA"
"1993 , 73 , NA , NA"
"1994 , 73 , NA , NA"
"1995 , 73 , NA , NA"
"1996 , 73 , NA , NA"
"1997 , 73 , NA , NA"
"1998 , 73 , NA , NA"
"1999 , 73 , NA , NA"
"2000 , 73 , NA , NA"
"2001 , 73 , NA , NA"
"2002 , 73 , NA , NA"
"2003 , 73 , NA , NA"
"2004 , 73 , NA , NA"
"2005 , 73 , NA , NA"
"2006 , 73 , NA , NA"
"2007 , 73 , NA , NA"
"2008 , 73 , NA , NA"
"2009 , 73 , NA , NA"
"2010 , 73 , NA , NA"
"2011 , 73 , NA , NA"
"2012 , 73 , NA , NA"
"2013 , 73 , NA , NA"
"2014 , 73 , NA , NA"
"2015 , 73 , NA , NA"
"2016 , 73 , NA , NA"
"1963 , 32 , NA , NA"
"1964 , 32 , NA , NA"
"1965 , 32 , NA , NA"
"1966 , 32 , NA , NA"
"1967 , 32 , NA , NA"
"1968 , 32 , NA , NA"
"1969 , 32 , NA , NA"
"1970 , 32 , NA , NA"
"1971 , 32 , NA , NA"
"1972 , 32 , NA , NA"
"1973 , 32 , NA , NA"
"1974 , 32 , NA , NA"
"1975 , 32 , NA , NA"
"1976 , 32 , NA , NA"
"1977 , 32 , NA , NA"
"1978 , 32 , NA , NA"
"1979 , 32 , NA , NA"
"1980 , 32 , NA , NA"
"1981 , 32 , NA , NA"
"1982 , 32 , NA , NA"
"1983 , 32 , NA , NA"
"1984 , 32 , NA , NA"
"1985 , 32 , NA , NA"
"1986 , 32 , NA , NA"
"1987 , 32 , NA , NA"
"1988 , 32 , NA , NA"
"1989 , 32 , NA , NA"
"1990 , 32 , NA , NA"
"1991 , 32 , NA , NA"
"1992 , 32 , NA , NA"
"1993 , 32 , NA , NA"
"1994 , 32 , NA , NA"
"1995 , 32 , NA , NA"
"1996 , 32 , NA , NA"
"1997 , 32 , NA , NA"
"1998 , 32 , NA , NA"
"1999 , 32 , NA , NA"
"2000 , 32 , NA , NA"
"2001 , 32 , NA , NA"
"2002 , 32 , NA , NA"
"2003 , 32 , NA , NA"
"2004 , 32 , NA , NA"
"2005 , 32 , NA , NA"
"2006 , 32 , NA , NA"
"2007 , 32 , NA , NA"
"2008 , 32 , NA , NA"
"2009 , 32 , NA , NA"
"2010 , 32 , NA , NA"
"2011 , 32 , NA , NA"
"2012 , 32 , NA , NA"
"2013 , 32 , NA , NA"
"2014 , 32 , NA , NA"
"2015 , 32 , NA , NA"
"2016 , 32 , NA , NA"
"1963 , 121 , NA , NA"
"1964 , 121 , NA , NA"
"1965 , 121 , NA , NA"
"1966 , 121 , NA , NA"
"1967 , 121 , NA , NA"
"1968 , 121 , NA , NA"
"1969 , 121 , NA , NA"
"1970 , 121 , NA , NA"
"1971 , 121 , NA , NA"
"1972 , 121 , NA , NA"
"1973 , 121 , NA , NA"
"1974 , 121 , NA , NA"
"1975 , 121 , NA , NA"
"1976 , 121 , NA , NA"
"1977 , 121 , NA , NA"
"1978 , 121 , NA , NA"
"1979 , 121 , NA , NA"
"1980 , 121 , NA , NA"
"1981 , 121 , NA , NA"
"1982 , 121 , NA , NA"
"1983 , 121 , NA , NA"
"1984 , 121 , NA , NA"
"1985 , 121 , NA , NA"
"1986 , 121 , NA , NA"
"1987 , 121 , NA , NA"
"1988 , 121 , NA , NA"
"1989 , 121 , NA , NA"
"1990 , 121 , NA , NA"
"1991 , 121 , NA , NA"
"1992 , 121 , NA , NA"
"1993 , 121 , NA , NA"
"1994 , 121 , NA , NA"
"1995 , 121 , NA , NA"
"1996 , 121 , NA , NA"
"1997 , 121 , NA , NA"
"1998 , 121 , NA , NA"
"1999 , 121 , NA , NA"
"2000 , 121 , NA , NA"
"2001 , 121 , NA , NA"
"2002 , 121 , NA , NA"
"2003 , 121 , NA , NA"
"2004 , 121 , NA , NA"
"2005 , 121 , NA , NA"
"2006 , 121 , NA , NA"
"2007 , 121 , NA , NA"
"2008 , 121 , NA , NA"
"2009 , 121 , NA , NA"
"2010 , 121 , NA , NA"
"2011 , 121 , NA , NA"
"2012 , 121 , NA , NA"
"2013 , 121 , NA , NA"
"2014 , 121 , NA , NA"
"2015 , 121 , NA , NA"
"2016 , 121 , NA , NA"
"1963 , 22 , NA , NA"
"1964 , 22 , NA , NA"
"1965 , 22 , NA , NA"
"1966 , 22 , NA , NA"
"1967 , 22 , NA , NA"
"1968 , 22 , NA , NA"
"1969 , 22 , NA , NA"
"1970 , 22 , NA , NA"
"1971 , 22 , NA , NA"
"1972 , 22 , NA , NA"
"1973 , 22 , NA , NA"
"1974 , 22 , NA , NA"
"1975 , 22 , NA , NA"
"1976 , 22 , NA , NA"
"1977 , 22 , NA , NA"
"1978 , 22 , NA , NA"
"1979 , 22 , NA , NA"
"1980 , 22 , NA , NA"
"1981 , 22 , NA , NA"
"1982 , 22 , NA , NA"
"1983 , 22 , NA , NA"
"1984 , 22 , NA , NA"
"1985 , 22 , NA , NA"
"1986 , 22 , NA , NA"
"1987 , 22 , NA , NA"
"1988 , 22 , NA , NA"
"1989 , 22 , NA , NA"
"1990 , 22 , NA , NA"
"1991 , 22 , NA , NA"
"1992 , 22 , NA , NA"
"1993 , 22 , NA , NA"
"1994 , 22 , NA , NA"
"1995 , 22 , NA , NA"
"1996 , 22 , NA , NA"
"1997 , 22 , NA , NA"
"1998 , 22 , NA , NA"
"1999 , 22 , NA , NA"
"2000 , 22 , NA , NA"
"2001 , 22 , NA , NA"
"2002 , 22 , NA , NA"
"2003 , 22 , NA , NA"
"2004 , 22 , NA , NA"
"2005 , 22 , NA , NA"
"2006 , 22 , NA , NA"
"2007 , 22 , NA , NA"
"2008 , 22 , NA , NA"
"2009 , 22 , NA , NA"
"2010 , 22 , NA , NA"
"2011 , 22 , NA , NA"
"2012 , 22 , NA , NA"
"2013 , 22 , NA , NA"
"2014 , 22 , NA , NA"
"2015 , 22 , NA , NA"
"2016 , 22 , NA , NA"
"1963 , 141 , NA , NA"
"1964 , 141 , NA , NA"
"1965 , 141 , NA , NA"
"1966 , 141 , NA , NA"
"1967 , 141 , NA , NA"
"1968 , 141 , NA , NA"
"1969 , 141 , NA , NA"
"1970 , 141 , NA , NA"
"1971 , 141 , NA , NA"
"1972 , 141 , NA , NA"
"1973 , 141 , NA , NA"
"1974 , 141 , NA , NA"
"1975 , 141 , NA , NA"
"1976 , 141 , NA , NA"
"1977 , 141 , NA , NA"
"1978 , 141 , NA , NA"
"1979 , 141 , NA , NA"
"1980 , 141 , NA , NA"
"1981 , 141 , NA , NA"
"1982 , 141 , NA , NA"
"1983 , 141 , NA , NA"
"1984 , 141 , NA , NA"
"1985 , 141 , NA , NA"
"1986 , 141 , NA , NA"
"1987 , 141 , NA , NA"
"1988 , 141 , NA , NA"
"1989 , 141 , NA , NA"
"1990 , 141 , NA , NA"
"1991 , 141 , NA , NA"
"1992 , 141 , NA , NA"
"1993 , 141 , NA , NA"
"1994 , 141 , NA , NA"
"1995 , 141 , NA , NA"
"1996 , 141 , NA , NA"
"1997 , 141 , NA , NA"
"1998 , 141 , NA , NA"
"1999 , 141 , NA , NA"
"2000 , 141 , NA , NA"
"2001 , 141 , NA , NA"
"2002 , 141 , NA , NA"
"2003 , 141 , NA , NA"
"2004 , 141 , NA , NA"
"2005 , 141 , NA , NA"
"2006 , 141 , NA , NA"
"2007 , 141 , NA , NA"
"2008 , 141 , NA , NA"
"2009 , 141 , NA , NA"
"2010 , 141 , NA , NA"
"2011 , 141 , NA , NA"
"2012 , 141 , NA , NA"
"2013 , 141 , NA , NA"
"2014 , 141 , NA , NA"
"2015 , 141 , NA , NA"
"2016 , 141 , NA , NA"
"1963 , 156 , NA , NA"
"1964 , 156 , NA , NA"
"1965 , 156 , NA , NA"
"1966 , 156 , NA , NA"
"1967 , 156 , NA , NA"
"1968 , 156 , NA , NA"
"1969 , 156 , NA , NA"
"1970 , 156 , NA , NA"
"1971 , 156 , NA , NA"
"1972 , 156 , NA , NA"
"1973 , 156 , NA , NA"
"1974 , 156 , NA , NA"
"1975 , 156 , NA , NA"
"1976 , 156 , NA , NA"
"1977 , 156 , NA , NA"
"1978 , 156 , NA , NA"
"1979 , 156 , NA , NA"
"1980 , 156 , NA , NA"
"1981 , 156 , NA , NA"
"1982 , 156 , NA , NA"
"1983 , 156 , NA , NA"
"1984 , 156 , NA , NA"
"1985 , 156 , NA , NA"
"1986 , 156 , NA , NA"
"1987 , 156 , NA , NA"
"1988 , 156 , NA , NA"
"1989 , 156 , NA , NA"
"1990 , 156 , NA , NA"
"1991 , 156 , NA , NA"
"1992 , 156 , NA , NA"
"1993 , 156 , NA , NA"
"1994 , 156 , NA , NA"
"1995 , 156 , NA , NA"
"1996 , 156 , NA , NA"
"1997 , 156 , NA , NA"
"1998 , 156 , NA , NA"
"1999 , 156 , NA , NA"
"2000 , 156 , NA , NA"
"2001 , 156 , NA , NA"
"2002 , 156 , NA , NA"
"2003 , 156 , NA , NA"
"2004 , 156 , NA , NA"
"2005 , 156 , NA , NA"
"2006 , 156 , NA , NA"
"2007 , 156 , NA , NA"
"2008 , 156 , NA , NA"
"2009 , 156 , NA , NA"
"2010 , 156 , NA , NA"
"2011 , 156 , NA , NA"
"2012 , 156 , NA , NA"
"2013 , 156 , NA , NA"
"2014 , 156 , NA , NA"
"2015 , 156 , NA , NA"
"2016 , 156 , NA , NA"
"1963 , 34 , NA , NA"
"1964 , 34 , NA , NA"
"1965 , 34 , NA , NA"
"1966 , 34 , NA , NA"
"1967 , 34 , NA , NA"
"1968 , 34 , NA , NA"
"1969 , 34 , NA , NA"
"1970 , 34 , NA , NA"
"1971 , 34 , NA , NA"
"1972 , 34 , NA , NA"
"1973 , 34 , NA , NA"
"1974 , 34 , NA , NA"
"1975 , 34 , NA , NA"
"1976 , 34 , NA , NA"
"1977 , 34 , NA , NA"
"1978 , 34 , NA , NA"
"1979 , 34 , NA , NA"
"1980 , 34 , NA , NA"
"1981 , 34 , NA , NA"
"1982 , 34 , NA , NA"
"1983 , 34 , NA , NA"
"1984 , 34 , NA , NA"
"1985 , 34 , NA , NA"
"1986 , 34 , NA , NA"
"1987 , 34 , NA , NA"
"1988 , 34 , NA , NA"
"1989 , 34 , NA , NA"
"1990 , 34 , NA , NA"
"1991 , 34 , NA , NA"
"1992 , 34 , NA , NA"
"1993 , 34 , NA , NA"
"1994 , 34 , NA , NA"
"1995 , 34 , NA , NA"
"1996 , 34 , NA , NA"
"1997 , 34 , NA , NA"
"1998 , 34 , NA , NA"
"1999 , 34 , NA , NA"
"2000 , 34 , NA , NA"
"2001 , 34 , NA , NA"
"2002 , 34 , NA , NA"
"2003 , 34 , NA , NA"
"2004 , 34 , NA , NA"
"2005 , 34 , NA , NA"
"2006 , 34 , NA , NA"
"2007 , 34 , NA , NA"
"2008 , 34 , NA , NA"
"2009 , 34 , NA , NA"
"2010 , 34 , NA , NA"
"2011 , 34 , NA , NA"
"2012 , 34 , NA , NA"
"2013 , 34 , NA , NA"
"2014 , 34 , NA , NA"
"2015 , 34 , NA , NA"
"2016 , 34 , NA , NA"
"1963 , 135 , NA , NA"
"1964 , 135 , NA , NA"
"1965 , 135 , NA , NA"
"1966 , 135 , NA , NA"
"1967 , 135 , NA , NA"
"1968 , 135 , NA , NA"
"1969 , 135 , NA , NA"
"1970 , 135 , NA , NA"
"1971 , 135 , NA , NA"
"1972 , 135 , NA , NA"
"1973 , 135 , NA , NA"
"1974 , 135 , NA , NA"
"1975 , 135 , NA , NA"
"1976 , 135 , NA , NA"
"1977 , 135 , NA , NA"
"1978 , 135 , NA , NA"
"1979 , 135 , NA , NA"
"1980 , 135 , NA , NA"
"1981 , 135 , NA , NA"
"1982 , 135 , NA , NA"
"1983 , 135 , NA , NA"
"1984 , 135 , NA , NA"
"1985 , 135 , NA , NA"
"1986 , 135 , NA , NA"
"1987 , 135 , NA , NA"
"1988 , 135 , NA , NA"
"1989 , 135 , NA , NA"
"1990 , 135 , NA , NA"
"1991 , 135 , NA , NA"
"1992 , 135 , NA , NA"
"1993 , 135 , NA , NA"
"1994 , 135 , NA , NA"
"1995 , 135 , NA , NA"
"1996 , 135 , NA , NA"
"1997 , 135 , NA , NA"
"1998 , 135 , NA , NA"
"1999 , 135 , NA , NA"
"2000 , 135 , NA , NA"
"2001 , 135 , NA , NA"
"2002 , 135 , NA , NA"
"2003 , 135 , NA , NA"
"2004 , 135 , NA , NA"
"2005 , 135 , NA , NA"
"2006 , 135 , NA , NA"
"2007 , 135 , NA , NA"
"2008 , 135 , NA , NA"
"2009 , 135 , NA , NA"
"2010 , 135 , NA , NA"
"2011 , 135 , NA , NA"
"2012 , 135 , NA , NA"
"2013 , 135 , NA , NA"
"2014 , 135 , NA , NA"
"2015 , 135 , NA , NA"
"2016 , 135 , NA , NA"
"1963 , 131 , NA , NA"
"1964 , 131 , NA , NA"
"1965 , 131 , NA , NA"
"1966 , 131 , NA , NA"
"1967 , 131 , NA , NA"
"1968 , 131 , NA , NA"
"1969 , 131 , NA , NA"
"1970 , 131 , NA , NA"
"1971 , 131 , NA , NA"
"1972 , 131 , NA , NA"
"1973 , 131 , NA , NA"
"1974 , 131 , NA , NA"
"1975 , 131 , NA , NA"
"1976 , 131 , NA , NA"
"1977 , 131 , NA , NA"
"1978 , 131 , NA , NA"
"1979 , 131 , NA , NA"
"1980 , 131 , NA , NA"
"1981 , 131 , NA , NA"
"1982 , 131 , NA , NA"
"1983 , 131 , NA , NA"
"1984 , 131 , NA , NA"
"1985 , 131 , NA , NA"
"1986 , 131 , NA , NA"
"1987 , 131 , NA , NA"
"1988 , 131 , NA , NA"
"1989 , 131 , NA , NA"
"1990 , 131 , NA , NA"
"1991 , 131 , NA , NA"
"1992 , 131 , NA , NA"
"1993 , 131 , NA , NA"
"1994 , 131 , NA , NA"
"1995 , 131 , NA , NA"
"1996 , 131 , NA , NA"
"1997 , 131 , NA , NA"
"1998 , 131 , NA , NA"
"1999 , 131 , NA , NA"
"2000 , 131 , NA , NA"
"2001 , 131 , NA , NA"
"2002 , 131 , NA , NA"
"2003 , 131 , NA , NA"
"2004 , 131 , NA , NA"
"2005 , 131 , NA , NA"
"2006 , 131 , NA , NA"
"2007 , 131 , NA , NA"
"2008 , 131 , NA , NA"
"2009 , 131 , NA , NA"
"2010 , 131 , NA , NA"
"2011 , 131 , NA , NA"
"2012 , 131 , NA , NA"
"2013 , 131 , NA , NA"
"2014 , 131 , NA , NA"
"2015 , 131 , NA , NA"
"2016 , 131 , NA , NA"
"1963 , 24 , NA , NA"
"1964 , 24 , NA , NA"
"1965 , 24 , NA , NA"
"1966 , 24 , NA , NA"
"1967 , 24 , NA , NA"
"1968 , 24 , NA , NA"
"1969 , 24 , NA , NA"
"1970 , 24 , NA , NA"
"1971 , 24 , NA , NA"
"1972 , 24 , NA , NA"
"1973 , 24 , NA , NA"
"1974 , 24 , NA , NA"
"1975 , 24 , NA , NA"
"1976 , 24 , NA , NA"
"1977 , 24 , NA , NA"
"1978 , 24 , NA , NA"
"1979 , 24 , NA , NA"
"1980 , 24 , NA , NA"
"1981 , 24 , NA , NA"
"1982 , 24 , NA , NA"
"1983 , 24 , NA , NA"
"1984 , 24 , NA , NA"
"1985 , 24 , NA , NA"
"1986 , 24 , NA , NA"
"1987 , 24 , NA , NA"
"1988 , 24 , NA , NA"
"1989 , 24 , NA , NA"
"1990 , 24 , NA , NA"
"1991 , 24 , NA , NA"
"1992 , 24 , NA , NA"
"1993 , 24 , NA , NA"
"1994 , 24 , NA , NA"
"1995 , 24 , NA , NA"
"1996 , 24 , NA , NA"
"1997 , 24 , NA , NA"
"1998 , 24 , NA , NA"
"1999 , 24 , NA , NA"
"2000 , 24 , NA , NA"
"2001 , 24 , NA , NA"
"2002 , 24 , NA , NA"
"2003 , 24 , NA , NA"
"2004 , 24 , NA , NA"
"2005 , 24 , NA , NA"
"2006 , 24 , NA , NA"
"2007 , 24 , NA , NA"
"2008 , 24 , NA , NA"
"2009 , 24 , NA , NA"
"2010 , 24 , NA , NA"
"2011 , 24 , NA , NA"
"2012 , 24 , NA , NA"
"2013 , 24 , NA , NA"
"2014 , 24 , NA , NA"
"2015 , 24 , NA , NA"
"2016 , 24 , NA , NA"
"1963 , 176 , NA , NA"
"1964 , 176 , NA , NA"
"1965 , 176 , NA , NA"
"1966 , 176 , NA , NA"
"1967 , 176 , NA , NA"
"1968 , 176 , NA , NA"
"1969 , 176 , NA , NA"
"1970 , 176 , NA , NA"
"1971 , 176 , NA , NA"
"1972 , 176 , NA , NA"
"1973 , 176 , NA , NA"
"1974 , 176 , NA , NA"
"1975 , 176 , NA , NA"
"1976 , 176 , NA , NA"
"1977 , 176 , NA , NA"
"1978 , 176 , NA , NA"
"1979 , 176 , NA , NA"
"1980 , 176 , NA , NA"
"1981 , 176 , NA , NA"
"1982 , 176 , NA , NA"
"1983 , 176 , NA , NA"
"1984 , 176 , NA , NA"
"1985 , 176 , NA , NA"
"1986 , 176 , NA , NA"
"1987 , 176 , NA , NA"
"1988 , 176 , NA , NA"
"1989 , 176 , NA , NA"
"1990 , 176 , NA , NA"
"1991 , 176 , NA , NA"
"1992 , 176 , NA , NA"
"1993 , 176 , NA , NA"
"1994 , 176 , NA , NA"
"1995 , 176 , NA , NA"
"1996 , 176 , NA , NA"
"1997 , 176 , NA , NA"
"1998 , 176 , NA , NA"
"1999 , 176 , NA , NA"
"2000 , 176 , NA , NA"
"2001 , 176 , NA , NA"
"2002 , 176 , NA , NA"
"2003 , 176 , NA , NA"
"2004 , 176 , NA , NA"
"2005 , 176 , NA , NA"
"2006 , 176 , NA , NA"
"2007 , 176 , NA , NA"
"2008 , 176 , NA , NA"
"2009 , 176 , NA , NA"
"2010 , 176 , NA , NA"
"2011 , 176 , NA , NA"
"2012 , 176 , NA , NA"
"2013 , 176 , NA , NA"
"2014 , 176 , NA , NA"
"2015 , 176 , NA , NA"
"2016 , 176 , NA , NA"
"1963 , 84 , NA , NA"
"1964 , 84 , NA , NA"
"1965 , 84 , NA , NA"
"1966 , 84 , NA , NA"
"1967 , 84 , NA , NA"
"1968 , 84 , NA , NA"
"1969 , 84 , NA , NA"
"1970 , 84 , NA , NA"
"1971 , 84 , NA , NA"
"1972 , 84 , NA , NA"
"1973 , 84 , NA , NA"
"1974 , 84 , NA , NA"
"1975 , 84 , NA , NA"
"1976 , 84 , NA , NA"
"1977 , 84 , NA , NA"
"1978 , 84 , NA , NA"
"1979 , 84 , NA , NA"
"1980 , 84 , NA , NA"
"1981 , 84 , NA , NA"
"1982 , 84 , NA , NA"
"1983 , 84 , NA , NA"
"1984 , 84 , NA , NA"
"1985 , 84 , NA , NA"
"1986 , 84 , NA , NA"
"1987 , 84 , NA , NA"
"1988 , 84 , NA , NA"
"1989 , 84 , NA , NA"
"1990 , 84 , NA , NA"
"1991 , 84 , NA , NA"
"1992 , 84 , NA , NA"
"1993 , 84 , NA , NA"
"1994 , 84 , NA , NA"
"1995 , 84 , NA , NA"
"1996 , 84 , NA , NA"
"1997 , 84 , NA , NA"
"1998 , 84 , NA , NA"
"1999 , 84 , NA , NA"
"2000 , 84 , NA , NA"
"2001 , 84 , NA , NA"
"2002 , 84 , NA , NA"
"2003 , 84 , NA , NA"
"2004 , 84 , NA , NA"
"2005 , 84 , NA , NA"
"2006 , 84 , NA , NA"
"2007 , 84 , NA , NA"
"2008 , 84 , NA , NA"
"2009 , 84 , NA , NA"
"2010 , 84 , NA , NA"
"2011 , 84 , NA , NA"
"2012 , 84 , NA , NA"
"2013 , 84 , NA , NA"
"2014 , 84 , NA , NA"
"2015 , 84 , NA , NA"
"2016 , 84 , NA , NA"
"1963 , 104 , NA , NA"
"1964 , 104 , NA , NA"
"1965 , 104 , NA , NA"
"1966 , 104 , NA , NA"
"1967 , 104 , NA , NA"
"1968 , 104 , NA , NA"
"1969 , 104 , NA , NA"
"1970 , 104 , NA , NA"
"1971 , 104 , NA , NA"
"1972 , 104 , NA , NA"
"1973 , 104 , NA , NA"
"1974 , 104 , NA , NA"
"1975 , 104 , NA , NA"
"1976 , 104 , NA , NA"
"1977 , 104 , NA , NA"
"1978 , 104 , NA , NA"
"1979 , 104 , NA , NA"
"1980 , 104 , NA , NA"
"1981 , 104 , NA , NA"
"1982 , 104 , NA , NA"
"1983 , 104 , NA , NA"
"1984 , 104 , NA , NA"
"1985 , 104 , NA , NA"
"1986 , 104 , NA , NA"
"1987 , 104 , NA , NA"
"1988 , 104 , NA , NA"
"1989 , 104 , NA , NA"
"1990 , 104 , NA , NA"
"1991 , 104 , NA , NA"
"1992 , 104 , NA , NA"
"1993 , 104 , NA , NA"
"1994 , 104 , NA , NA"
"1995 , 104 , NA , NA"
"1996 , 104 , NA , NA"
"1997 , 104 , NA , NA"
"1998 , 104 , NA , NA"
"1999 , 104 , NA , NA"
"2000 , 104 , NA , NA"
"2001 , 104 , NA , NA"
"2002 , 104 , NA , NA"
"2003 , 104 , NA , NA"
"2004 , 104 , NA , NA"
"2005 , 104 , NA , NA"
"2006 , 104 , NA , NA"
"2007 , 104 , NA , NA"
"2008 , 104 , NA , NA"
"2009 , 104 , NA , NA"
"2010 , 104 , NA , NA"
"2011 , 104 , NA , NA"
"2012 , 104 , NA , NA"
"2013 , 104 , NA , NA"
"2014 , 104 , NA , NA"
"2015 , 104 , NA , NA"
"2016 , 104 , NA , NA"
"1963 , 109 , NA , NA"
"1964 , 109 , NA , NA"
"1965 , 109 , NA , NA"
"1966 , 109 , NA , NA"
"1967 , 109 , NA , NA"
"1968 , 109 , NA , NA"
"1969 , 109 , NA , NA"
"1970 , 109 , NA , NA"
"1971 , 109 , NA , NA"
"1972 , 109 , NA , NA"
"1973 , 109 , NA , NA"
"1974 , 109 , NA , NA"
"1975 , 109 , NA , NA"
"1976 , 109 , NA , NA"
"1977 , 109 , NA , NA"
"1978 , 109 , NA , NA"
"1979 , 109 , NA , NA"
"1980 , 109 , NA , NA"
"1981 , 109 , NA , NA"
"1982 , 109 , NA , NA"
"1983 , 109 , NA , NA"
"1984 , 109 , NA , NA"
"1985 , 109 , NA , NA"
"1986 , 109 , NA , NA"
"1987 , 109 , NA , NA"
"1988 , 109 , NA , NA"
"1989 , 109 , NA , NA"
"1990 , 109 , NA , NA"
"1991 , 109 , NA , NA"
"1992 , 109 , NA , NA"
"1993 , 109 , NA , NA"
"1994 , 109 , NA , NA"
"1995 , 109 , NA , NA"
"1996 , 109 , NA , NA"
"1997 , 109 , NA , NA"
"1998 , 109 , NA , NA"
"1999 , 109 , NA , NA"
"2000 , 109 , NA , NA"
"2001 , 109 , NA , NA"
"2002 , 109 , NA , NA"
"2003 , 109 , NA , NA"
"2004 , 109 , NA , NA"
"2005 , 109 , NA , NA"
"2006 , 109 , NA , NA"
"2007 , 109 , NA , NA"
"2008 , 109 , NA , NA"
"2009 , 109 , NA , NA"
"2010 , 109 , NA , NA"
"2011 , 109 , NA , NA"
"2012 , 109 , NA , NA"
"2013 , 109 , NA , NA"
"2014 , 109 , NA , NA"
"2015 , 109 , NA , NA"
"2016 , 109 , NA , NA"
"1963 , 74 , NA , NA"
"1964 , 74 , NA , NA"
"1965 , 74 , NA , NA"
"1966 , 74 , NA , NA"
"1967 , 74 , NA , NA"
"1968 , 74 , NA , NA"
"1969 , 74 , NA , NA"
"1970 , 74 , NA , NA"
"1971 , 74 , NA , NA"
"1972 , 74 , NA , NA"
"1973 , 74 , NA , NA"
"1974 , 74 , NA , NA"
"1975 , 74 , NA , NA"
"1976 , 74 , NA , NA"
"1977 , 74 , NA , NA"
"1978 , 74 , NA , NA"
"1979 , 74 , NA , NA"
"1980 , 74 , NA , NA"
"1981 , 74 , NA , NA"
"1982 , 74 , NA , NA"
"1983 , 74 , NA , NA"
"1984 , 74 , NA , NA"
"1985 , 74 , NA , NA"
"1986 , 74 , NA , NA"
"1987 , 74 , NA , NA"
"1988 , 74 , NA , NA"
"1989 , 74 , NA , NA"
"1990 , 74 , NA , NA"
"1991 , 74 , NA , NA"
"1992 , 74 , NA , NA"
"1993 , 74 , NA , NA"
"1994 , 74 , NA , NA"
"1995 , 74 , NA , NA"
"1996 , 74 , NA , NA"
"1997 , 74 , NA , NA"
"1998 , 74 , NA , NA"
"1999 , 74 , NA , NA"
"2000 , 74 , NA , NA"
"2001 , 74 , NA , NA"
"2002 , 74 , NA , NA"
"2003 , 74 , NA , NA"
"2004 , 74 , NA , NA"
"2005 , 74 , NA , NA"
"2006 , 74 , NA , NA"
"2007 , 74 , NA , NA"
"2008 , 74 , NA , NA"
"2009 , 74 , NA , NA"
"2010 , 74 , NA , NA"
"2011 , 74 , NA , NA"
"2012 , 74 , NA , NA"
"2013 , 74 , NA , NA"
"2014 , 74 , NA , NA"
"2015 , 74 , NA , NA"
"2016 , 74 , NA , NA"
"1963 , 26 , NA , NA"
"1964 , 26 , NA , NA"
"1965 , 26 , NA , NA"
"1966 , 26 , NA , NA"
"1967 , 26 , NA , NA"
"1968 , 26 , NA , NA"
"1969 , 26 , NA , NA"
"1970 , 26 , NA , NA"
"1971 , 26 , NA , NA"
"1972 , 26 , NA , NA"
"1973 , 26 , NA , NA"
"1974 , 26 , NA , NA"
"1975 , 26 , NA , NA"
"1976 , 26 , NA , NA"
"1977 , 26 , NA , NA"
"1978 , 26 , NA , NA"
"1979 , 26 , NA , NA"
"1980 , 26 , NA , NA"
"1981 , 26 , NA , NA"
"1982 , 26 , NA , NA"
"1983 , 26 , NA , NA"
"1984 , 26 , NA , NA"
"1985 , 26 , NA , NA"
"1986 , 26 , NA , NA"
"1987 , 26 , NA , NA"
"1988 , 26 , NA , NA"
"1989 , 26 , NA , NA"
"1990 , 26 , NA , NA"
"1991 , 26 , NA , NA"
"1992 , 26 , NA , NA"
"1993 , 26 , NA , NA"
"1994 , 26 , NA , NA"
"1995 , 26 , NA , NA"
"1996 , 26 , NA , NA"
"1997 , 26 , NA , NA"
"1998 , 26 , NA , NA"
"1999 , 26 , NA , NA"
"2000 , 26 , NA , NA"
"2001 , 26 , NA , NA"
"2002 , 26 , NA , NA"
"2003 , 26 , NA , NA"
"2004 , 26 , NA , NA"
"2005 , 26 , NA , NA"
"2006 , 26 , NA , NA"
"2007 , 26 , NA , NA"
"2008 , 26 , NA , NA"
"2009 , 26 , NA , NA"
"2010 , 26 , NA , NA"
"2011 , 26 , NA , NA"
"2012 , 26 , NA , NA"
"2013 , 26 , NA , NA"
"2014 , 26 , NA , NA"
"2015 , 26 , NA , NA"
"2016 , 26 , NA , NA"
"1963 , 503 , NA , NA"
"1964 , 503 , NA , NA"
"1965 , 503 , NA , NA"
"1966 , 503 , NA , NA"
"1967 , 503 , NA , NA"
"1968 , 503 , NA , NA"
"1969 , 503 , NA , NA"
"1970 , 503 , NA , NA"
"1971 , 503 , NA , NA"
"1972 , 503 , NA , NA"
"1973 , 503 , NA , NA"
"1974 , 503 , NA , NA"
"1975 , 503 , NA , NA"
"1976 , 503 , NA , NA"
"1977 , 503 , NA , NA"
"1978 , 503 , NA , NA"
"1979 , 503 , NA , NA"
"1980 , 503 , NA , NA"
"1981 , 503 , NA , NA"
"1982 , 503 , NA , NA"
"1983 , 503 , NA , NA"
"1984 , 503 , NA , NA"
"1985 , 503 , NA , NA"
"1986 , 503 , NA , NA"
"1987 , 503 , NA , NA"
"1988 , 503 , NA , NA"
"1989 , 503 , NA , NA"
"1990 , 503 , NA , NA"
"1991 , 503 , NA , NA"
"1992 , 503 , NA , NA"
"1993 , 503 , NA , NA"
"1994 , 503 , NA , NA"
"1995 , 503 , NA , NA"
"1996 , 503 , NA , NA"
"1997 , 503 , NA , NA"
"1998 , 503 , NA , NA"
"1999 , 503 , NA , NA"
"2000 , 503 , NA , NA"
"2001 , 503 , NA , NA"
"2002 , 503 , NA , NA"
"2003 , 503 , NA , NA"
"2004 , 503 , NA , NA"
"2005 , 503 , NA , NA"
"2006 , 503 , NA , NA"
"2007 , 503 , NA , NA"
"2008 , 503 , NA , NA"
"2009 , 503 , NA , NA"
"2010 , 503 , NA , NA"
"2011 , 503 , NA , NA"
"2012 , 503 , NA , NA"
"2013 , 503 , NA , NA"
"2014 , 503 , NA , NA"
"2015 , 503 , NA , NA"
"2016 , 503 , NA , NA"
"1963 , 163 , NA , NA"
"1964 , 163 , NA , NA"
"1965 , 163 , NA , NA"
"1966 , 163 , NA , NA"
"1967 , 163 , NA , NA"
"1968 , 163 , NA , NA"
"1969 , 163 , NA , NA"
"1970 , 163 , NA , NA"
"1971 , 163 , NA , NA"
"1972 , 163 , NA , NA"
"1973 , 163 , NA , NA"
"1974 , 163 , NA , NA"
"1975 , 163 , NA , NA"
"1976 , 163 , NA , NA"
"1977 , 163 , NA , NA"
"1978 , 163 , NA , NA"
"1979 , 163 , NA , NA"
"1980 , 163 , NA , NA"
"1981 , 163 , NA , NA"
"1982 , 163 , NA , NA"
"1983 , 163 , NA , NA"
"1984 , 163 , NA , NA"
"1985 , 163 , NA , NA"
"1986 , 163 , NA , NA"
"1987 , 163 , NA , NA"
"1988 , 163 , NA , NA"
"1989 , 163 , NA , NA"
"1990 , 163 , NA , NA"
"1991 , 163 , NA , NA"
"1992 , 163 , NA , NA"
"1993 , 163 , NA , NA"
"1994 , 163 , NA , NA"
"1995 , 163 , NA , NA"
"1996 , 163 , NA , NA"
"1997 , 163 , NA , NA"
"1998 , 163 , NA , NA"
"1999 , 163 , NA , NA"
"2000 , 163 , NA , NA"
"2001 , 163 , NA , NA"
"2002 , 163 , NA , NA"
"2003 , 163 , NA , NA"
"2004 , 163 , NA , NA"
"2005 , 163 , NA , NA"
"2006 , 163 , NA , NA"
"2007 , 163 , NA , NA"
"2008 , 163 , NA , NA"
"2009 , 163 , NA , NA"
"2010 , 163 , NA , NA"
"2011 , 163 , NA , NA"
"2012 , 163 , NA , NA"
"2013 , 163 , NA , NA"
"2014 , 163 , NA , NA"
"2015 , 163 , NA , NA"
"2016 , 163 , NA , NA"
"1963 , 197 , NA , NA"
"1964 , 197 , NA , NA"
"1965 , 197 , NA , NA"
"1966 , 197 , NA , NA"
"1967 , 197 , NA , NA"
"1968 , 197 , NA , NA"
"1969 , 197 , NA , NA"
"1970 , 197 , NA , NA"
"1971 , 197 , NA , NA"
"1972 , 197 , NA , NA"
"1973 , 197 , NA , NA"
"1974 , 197 , NA , NA"
"1975 , 197 , NA , NA"
"1976 , 197 , NA , NA"
"1977 , 197 , NA , NA"
"1978 , 197 , NA , NA"
"1979 , 197 , NA , NA"
"1980 , 197 , NA , NA"
"1981 , 197 , NA , NA"
"1982 , 197 , NA , NA"
"1983 , 197 , NA , NA"
"1984 , 197 , NA , NA"
"1985 , 197 , NA , NA"
"1986 , 197 , NA , NA"
"1987 , 197 , NA , NA"
"1988 , 197 , NA , NA"
"1989 , 197 , NA , NA"
"1990 , 197 , NA , NA"
"1991 , 197 , NA , NA"
"1992 , 197 , NA , NA"
"1993 , 197 , NA , NA"
"1994 , 197 , NA , NA"
"1995 , 197 , NA , NA"
"1996 , 197 , NA , NA"
"1997 , 197 , NA , NA"
"1998 , 197 , NA , NA"
"1999 , 197 , NA , NA"
"2000 , 197 , NA , NA"
"2001 , 197 , NA , NA"
"2002 , 197 , NA , NA"
"2003 , 197 , NA , NA"
"2004 , 197 , NA , NA"
"2005 , 197 , NA , NA"
"2006 , 197 , NA , NA"
"2007 , 197 , NA , NA"
"2008 , 197 , NA , NA"
"2009 , 197 , NA , NA"
"2010 , 197 , NA , NA"
"2011 , 197 , NA , NA"
"2012 , 197 , NA , NA"
"2013 , 197 , NA , NA"
"2014 , 197 , NA , NA"
"2015 , 197 , NA , NA"
"2016 , 197 , NA , NA"
"1963 , 171 , NA , NA"
"1964 , 171 , NA , NA"
"1965 , 171 , NA , NA"
"1966 , 171 , NA , NA"
"1967 , 171 , NA , NA"
"1968 , 171 , NA , NA"
"1969 , 171 , NA , NA"
"1970 , 171 , NA , NA"
"1971 , 171 , NA , NA"
"1972 , 171 , NA , NA"
"1973 , 171 , NA , NA"
"1974 , 171 , NA , NA"
"1975 , 171 , NA , NA"
"1976 , 171 , NA , NA"
"1977 , 171 , NA , NA"
"1978 , 171 , NA , NA"
"1979 , 171 , NA , NA"
"1980 , 171 , NA , NA"
"1981 , 171 , NA , NA"
"1982 , 171 , NA , NA"
"1983 , 171 , NA , NA"
"1984 , 171 , NA , NA"
"1985 , 171 , NA , NA"
"1986 , 171 , NA , NA"
"1987 , 171 , NA , NA"
"1988 , 171 , NA , NA"
"1989 , 171 , NA , NA"
"1990 , 171 , NA , NA"
"1991 , 171 , NA , NA"
"1992 , 171 , NA , NA"
"1993 , 171 , NA , NA"
"1994 , 171 , NA , NA"
"1995 , 171 , NA , NA"
"1996 , 171 , NA , NA"
"1997 , 171 , NA , NA"
"1998 , 171 , NA , NA"
"1999 , 171 , NA , NA"
"2000 , 171 , NA , NA"
"2001 , 171 , NA , NA"
"2002 , 171 , NA , NA"
"2003 , 171 , NA , NA"
"2004 , 171 , NA , NA"
"2005 , 171 , NA , NA"
"2006 , 171 , NA , NA"
"2007 , 171 , NA , NA"
"2008 , 171 , NA , NA"
"2009 , 171 , NA , NA"
"2010 , 171 , NA , NA"
"2011 , 171 , NA , NA"
"2012 , 171 , NA , NA"
"2013 , 171 , NA , NA"
"2014 , 171 , NA , NA"
"2015 , 171 , NA , NA"
"2016 , 171 , NA , NA"
"1963 , 193 , NA , NA"
"1964 , 193 , NA , NA"
"1965 , 193 , NA , NA"
"1966 , 193 , NA , NA"
"1967 , 193 , NA , NA"
"1968 , 193 , NA , NA"
"1969 , 193 , NA , NA"
"1970 , 193 , NA , NA"
"1971 , 193 , NA , NA"
"1972 , 193 , NA , NA"
"1973 , 193 , NA , NA"
"1974 , 193 , NA , NA"
"1975 , 193 , NA , NA"
"1976 , 193 , NA , NA"
"1977 , 193 , NA , NA"
"1978 , 193 , NA , NA"
"1979 , 193 , NA , NA"
"1980 , 193 , NA , NA"
"1981 , 193 , NA , NA"
"1982 , 193 , NA , NA"
"1983 , 193 , NA , NA"
"1984 , 193 , NA , NA"
"1985 , 193 , NA , NA"
"1986 , 193 , NA , NA"
"1987 , 193 , NA , NA"
"1988 , 193 , NA , NA"
"1989 , 193 , NA , NA"
"1990 , 193 , NA , NA"
"1991 , 193 , NA , NA"
"1992 , 193 , NA , NA"
"1993 , 193 , NA , NA"
"1994 , 193 , NA , NA"
"1995 , 193 , NA , NA"
"1996 , 193 , NA , NA"
"1997 , 193 , NA , NA"
"1998 , 193 , NA , NA"
"1999 , 193 , NA , NA"
"2000 , 193 , NA , NA"
"2001 , 193 , NA , NA"
"2002 , 193 , NA , NA"
"2003 , 193 , NA , NA"
"2004 , 193 , NA , NA"
"2005 , 193 , NA , NA"
"2006 , 193 , NA , NA"
"2007 , 193 , NA , NA"
"2008 , 193 , NA , NA"
"2009 , 193 , NA , NA"
"2010 , 193 , NA , NA"
"2011 , 193 , NA , NA"
"2012 , 193 , NA , NA"
"2013 , 193 , NA , NA"
"2014 , 193 , NA , NA"
"2015 , 193 , NA , NA"
"2016 , 193 , NA , NA"
"1963 , 75 , NA , NA"
"1964 , 75 , NA , NA"
"1965 , 75 , NA , NA"
"1966 , 75 , NA , NA"
"1967 , 75 , NA , NA"
"1968 , 75 , NA , NA"
"1969 , 75 , NA , NA"
"1970 , 75 , NA , NA"
"1971 , 75 , NA , NA"
"1972 , 75 , NA , NA"
"1973 , 75 , NA , NA"
"1974 , 75 , NA , NA"
"1975 , 75 , NA , NA"
"1976 , 75 , NA , NA"
"1977 , 75 , NA , NA"
"1978 , 75 , NA , NA"
"1979 , 75 , NA , NA"
"1980 , 75 , NA , NA"
"1981 , 75 , NA , NA"
"1982 , 75 , NA , NA"
"1983 , 75 , NA , NA"
"1984 , 75 , NA , NA"
"1985 , 75 , NA , NA"
"1986 , 75 , NA , NA"
"1987 , 75 , NA , NA"
"1988 , 75 , NA , NA"
"1989 , 75 , NA , NA"
"1990 , 75 , NA , NA"
"1991 , 75 , NA , NA"
"1992 , 75 , NA , NA"
"1993 , 75 , NA , NA"
"1994 , 75 , NA , NA"
"1995 , 75 , NA , NA"
"1996 , 75 , NA , NA"
"1997 , 75 , NA , NA"
"1998 , 75 , NA , NA"
"1999 , 75 , NA , NA"
"2000 , 75 , NA , NA"
"2001 , 75 , NA , NA"
"2002 , 75 , NA , NA"
"2003 , 75 , NA , NA"
"2004 , 75 , NA , NA"
"2005 , 75 , NA , NA"
"2006 , 75 , NA , NA"
"2007 , 75 , NA , NA"
"2008 , 75 , NA , NA"
"2009 , 75 , NA , NA"
"2010 , 75 , NA , NA"
"2011 , 75 , NA , NA"
"2012 , 75 , NA , NA"
"2013 , 75 , NA , NA"
"2014 , 75 , NA , NA"
"2015 , 75 , NA , NA"
"2016 , 75 , NA , NA"
"1963 , 77 , NA , NA"
"1964 , 77 , NA , NA"
"1965 , 77 , NA , NA"
"1966 , 77 , NA , NA"
"1967 , 77 , NA , NA"
"1968 , 77 , NA , NA"
"1969 , 77 , NA , NA"
"1970 , 77 , NA , NA"
"1971 , 77 , NA , NA"
"1972 , 77 , NA , NA"
"1973 , 77 , NA , NA"
"1974 , 77 , NA , NA"
"1975 , 77 , NA , NA"
"1976 , 77 , NA , NA"
"1977 , 77 , NA , NA"
"1978 , 77 , NA , NA"
"1979 , 77 , NA , NA"
"1980 , 77 , NA , NA"
"1981 , 77 , NA , NA"
"1982 , 77 , NA , NA"
"1983 , 77 , NA , NA"
"1984 , 77 , NA , NA"
"1985 , 77 , NA , NA"
"1986 , 77 , NA , NA"
"1987 , 77 , NA , NA"
"1988 , 77 , NA , NA"
"1989 , 77 , NA , NA"
"1990 , 77 , NA , NA"
"1991 , 77 , NA , NA"
"1992 , 77 , NA , NA"
"1993 , 77 , NA , NA"
"1994 , 77 , NA , NA"
"1995 , 77 , NA , NA"
"1996 , 77 , NA , NA"
"1997 , 77 , NA , NA"
"1998 , 77 , NA , NA"
"1999 , 77 , NA , NA"
"2000 , 77 , NA , NA"
"2001 , 77 , NA , NA"
"2002 , 77 , NA , NA"
"2003 , 77 , NA , NA"
"2004 , 77 , NA , NA"
"2005 , 77 , NA , NA"
"2006 , 77 , NA , NA"
"2007 , 77 , NA , NA"
"2008 , 77 , NA , NA"
"2009 , 77 , NA , NA"
"2010 , 77 , NA , NA"
"2011 , 77 , NA , NA"
"2012 , 77 , NA , NA"
"2013 , 77 , NA , NA"
"2014 , 77 , NA , NA"
"2015 , 77 , NA , NA"
"2016 , 77 , NA , NA"
"1963 , 25 , NA , NA"
"1964 , 25 , NA , NA"
"1965 , 25 , NA , NA"
"1966 , 25 , NA , NA"
"1967 , 25 , NA , NA"
"1968 , 25 , NA , NA"
"1969 , 25 , NA , NA"
"1970 , 25 , NA , NA"
"1971 , 25 , NA , NA"
"1972 , 25 , NA , NA"
"1973 , 25 , NA , NA"
"1974 , 25 , NA , NA"
"1975 , 25 , NA , NA"
"1976 , 25 , NA , NA"
"1977 , 25 , NA , NA"
"1978 , 25 , NA , NA"
"1979 , 25 , NA , NA"
"1980 , 25 , NA , NA"
"1981 , 25 , NA , NA"
"1982 , 25 , NA , NA"
"1983 , 25 , NA , NA"
"1984 , 25 , NA , NA"
"1985 , 25 , NA , NA"
"1986 , 25 , NA , NA"
"1987 , 25 , NA , NA"
"1988 , 25 , NA , NA"
"1989 , 25 , NA , NA"
"1990 , 25 , NA , NA"
"1991 , 25 , NA , NA"
"1992 , 25 , NA , NA"
"1993 , 25 , NA , NA"
"1994 , 25 , NA , NA"
"1995 , 25 , NA , NA"
"1996 , 25 , NA , NA"
"1997 , 25 , NA , NA"
"1998 , 25 , NA , NA"
"1999 , 25 , NA , NA"
"2000 , 25 , NA , NA"
"2001 , 25 , NA , NA"
"2002 , 25 , NA , NA"
"2003 , 25 , NA , NA"
"2004 , 25 , NA , NA"
"2005 , 25 , NA , NA"
"2006 , 25 , NA , NA"
"2007 , 25 , NA , NA"
"2008 , 25 , NA , NA"
"2009 , 25 , NA , NA"
"2010 , 25 , NA , NA"
"2011 , 25 , NA , NA"
"2012 , 25 , NA , NA"
"2013 , 25 , NA , NA"
"2014 , 25 , NA , NA"
"2015 , 25 , NA , NA"
"2016 , 25 , NA , NA"
"1963 , 181 , NA , NA"
"1964 , 181 , NA , NA"
"1965 , 181 , NA , NA"
"1966 , 181 , NA , NA"
"1967 , 181 , NA , NA"
"1968 , 181 , NA , NA"
"1969 , 181 , NA , NA"
"1970 , 181 , NA , NA"
"1971 , 181 , NA , NA"
"1972 , 181 , NA , NA"
"1973 , 181 , NA , NA"
"1974 , 181 , NA , NA"
"1975 , 181 , NA , NA"
"1976 , 181 , NA , NA"
"1977 , 181 , NA , NA"
"1978 , 181 , NA , NA"
"1979 , 181 , NA , NA"
"1980 , 181 , NA , NA"
"1981 , 181 , NA , NA"
"1982 , 181 , NA , NA"
"1983 , 181 , NA , NA"
"1984 , 181 , NA , NA"
"1985 , 181 , NA , NA"
"1986 , 181 , NA , NA"
"1987 , 181 , NA , NA"
"1988 , 181 , NA , NA"
"1989 , 181 , NA , NA"
"1990 , 181 , NA , NA"
"1991 , 181 , NA , NA"
"1992 , 181 , NA , NA"
"1993 , 181 , NA , NA"
"1994 , 181 , NA , NA"
"1995 , 181 , NA , NA"
"1996 , 181 , NA , NA"
"1997 , 181 , NA , NA"
"1998 , 181 , NA , NA"
"1999 , 181 , NA , NA"
"2000 , 181 , NA , NA"
"2001 , 181 , NA , NA"
"2002 , 181 , NA , NA"
"2003 , 181 , NA , NA"
"2004 , 181 , NA , NA"
"2005 , 181 , NA , NA"
"2006 , 181 , NA , NA"
"2007 , 181 , NA , NA"
"2008 , 181 , NA , NA"
"2009 , 181 , NA , NA"
"2010 , 181 , NA , NA"
"2011 , 181 , NA , NA"
"2012 , 181 , NA , NA"
"2013 , 181 , NA , NA"
"2014 , 181 , NA , NA"
"2015 , 181 , NA , NA"
"2016 , 181 , NA , NA"
"1963 , 143 , NA , NA"
"1964 , 143 , NA , NA"
"1965 , 143 , NA , NA"
"1966 , 143 , NA , NA"
"1967 , 143 , NA , NA"
"1968 , 143 , NA , NA"
"1969 , 143 , NA , NA"
"1970 , 143 , NA , NA"
"1971 , 143 , NA , NA"
"1972 , 143 , NA , NA"
"1973 , 143 , NA , NA"
"1974 , 143 , NA , NA"
"1975 , 143 , NA , NA"
"1976 , 143 , NA , NA"
"1977 , 143 , NA , NA"
"1978 , 143 , NA , NA"
"1979 , 143 , NA , NA"
"1980 , 143 , NA , NA"
"1981 , 143 , NA , NA"
"1982 , 143 , NA , NA"
"1983 , 143 , NA , NA"
"1984 , 143 , NA , NA"
"1985 , 143 , NA , NA"
"1986 , 143 , NA , NA"
"1987 , 143 , NA , NA"
"1988 , 143 , NA , NA"
"1989 , 143 , NA , NA"
"1990 , 143 , NA , NA"
"1991 , 143 , NA , NA"
"1992 , 143 , NA , NA"
"1993 , 143 , NA , NA"
"1994 , 143 , NA , NA"
"1995 , 143 , NA , NA"
"1996 , 143 , NA , NA"
"1997 , 143 , NA , NA"
"1998 , 143 , NA , NA"
"1999 , 143 , NA , NA"
"2000 , 143 , NA , NA"
"2001 , 143 , NA , NA"
"2002 , 143 , NA , NA"
"2003 , 143 , NA , NA"
"2004 , 143 , NA , NA"
"2005 , 143 , NA , NA"
"2006 , 143 , NA , NA"
"2007 , 143 , NA , NA"
"2008 , 143 , NA , NA"
"2009 , 143 , NA , NA"
"2010 , 143 , NA , NA"
"2011 , 143 , NA , NA"
"2012 , 143 , NA , NA"
"2013 , 143 , NA , NA"
"2014 , 143 , NA , NA"
"2015 , 143 , NA , NA"
"2016 , 143 , NA , NA"
"1963 , 164 , NA , NA"
"1964 , 164 , NA , NA"
"1965 , 164 , NA , NA"
"1966 , 164 , NA , NA"
"1967 , 164 , NA , NA"
"1968 , 164 , NA , NA"
"1969 , 164 , NA , NA"
"1970 , 164 , NA , NA"
"1971 , 164 , NA , NA"
"1972 , 164 , NA , NA"
"1973 , 164 , NA , NA"
"1974 , 164 , NA , NA"
"1975 , 164 , NA , NA"
"1976 , 164 , NA , NA"
"1977 , 164 , NA , NA"
"1978 , 164 , NA , NA"
"1979 , 164 , NA , NA"
"1980 , 164 , NA , NA"
"1981 , 164 , NA , NA"
"1982 , 164 , NA , NA"
"1983 , 164 , NA , NA"
"1984 , 164 , NA , NA"
"1985 , 164 , NA , NA"
"1986 , 164 , NA , NA"
"1987 , 164 , NA , NA"
"1988 , 164 , NA , NA"
"1989 , 164 , NA , NA"
"1990 , 164 , NA , NA"
"1991 , 164 , NA , NA"
"1992 , 164 , NA , NA"
"1993 , 164 , NA , NA"
"1994 , 164 , NA , NA"
"1995 , 164 , NA , NA"
"1996 , 164 , NA , NA"
"1997 , 164 , NA , NA"
"1998 , 164 , NA , NA"
"1999 , 164 , NA , NA"
"2000 , 164 , NA , NA"
"2001 , 164 , NA , NA"
"2002 , 164 , NA , NA"
"2003 , 164 , NA , NA"
"2004 , 164 , NA , NA"
"2005 , 164 , NA , NA"
"2006 , 164 , NA , NA"
"2007 , 164 , NA , NA"
"2008 , 164 , NA , NA"
"2009 , 164 , NA , NA"
"2010 , 164 , NA , NA"
"2011 , 164 , NA , NA"
"2012 , 164 , NA , NA"
"2013 , 164 , NA , NA"
"2014 , 164 , NA , NA"
"2015 , 164 , NA , NA"
"2016 , 164 , NA , NA"
"1963 , 401 , NA , NA"
"1964 , 401 , NA , NA"
"1965 , 401 , NA , NA"
"1966 , 401 , NA , NA"
"1967 , 401 , NA , NA"
"1968 , 401 , NA , NA"
"1969 , 401 , NA , NA"
"1970 , 401 , NA , NA"
"1971 , 401 , NA , NA"
"1972 , 401 , NA , NA"
"1973 , 401 , NA , NA"
"1974 , 401 , NA , NA"
"1975 , 401 , NA , NA"
"1976 , 401 , NA , NA"
"1977 , 401 , NA , NA"
"1978 , 401 , NA , NA"
"1979 , 401 , NA , NA"
"1980 , 401 , NA , NA"
"1981 , 401 , NA , NA"
"1982 , 401 , NA , NA"
"1983 , 401 , NA , NA"
"1984 , 401 , NA , NA"
"1985 , 401 , NA , NA"
"1986 , 401 , NA , NA"
"1987 , 401 , NA , NA"
"1988 , 401 , NA , NA"
"1989 , 401 , NA , NA"
"1990 , 401 , NA , NA"
"1991 , 401 , NA , NA"
"1992 , 401 , NA , NA"
"1993 , 401 , NA , NA"
"1994 , 401 , NA , NA"
"1995 , 401 , NA , NA"
"1996 , 401 , NA , NA"
"1997 , 401 , NA , NA"
"1998 , 401 , NA , NA"
"1999 , 401 , NA , NA"
"2000 , 401 , NA , NA"
"2001 , 401 , NA , NA"
"2002 , 401 , NA , NA"
"2003 , 401 , NA , NA"
"2004 , 401 , NA , NA"
"2005 , 401 , NA , NA"
"2006 , 401 , NA , NA"
"2007 , 401 , NA , NA"
"2008 , 401 , NA , NA"
"2009 , 401 , NA , NA"
"2010 , 401 , NA , NA"
"2011 , 401 , NA , NA"
"2012 , 401 , NA , NA"
"2013 , 401 , NA , NA"
"2014 , 401 , NA , NA"
"2015 , 401 , NA , NA"
"2016 , 401 , NA , NA"
"1963 , 502 , NA , NA"
"1964 , 502 , NA , NA"
"1965 , 502 , NA , NA"
"1966 , 502 , NA , NA"
"1967 , 502 , NA , NA"
"1968 , 502 , NA , NA"
"1969 , 502 , NA , NA"
"1970 , 502 , NA , NA"
"1971 , 502 , NA , NA"
"1972 , 502 , NA , NA"
"1973 , 502 , NA , NA"
"1974 , 502 , NA , NA"
"1975 , 502 , NA , NA"
"1976 , 502 , NA , NA"
"1977 , 502 , NA , NA"
"1978 , 502 , NA , NA"
"1979 , 502 , NA , NA"
"1980 , 502 , NA , NA"
"1981 , 502 , NA , NA"
"1982 , 502 , NA , NA"
"1983 , 502 , NA , NA"
"1984 , 502 , NA , NA"
"1985 , 502 , NA , NA"
"1986 , 502 , NA , NA"
"1987 , 502 , NA , NA"
"1988 , 502 , NA , NA"
"1989 , 502 , NA , NA"
"1990 , 502 , NA , NA"
"1991 , 502 , NA , NA"
"1992 , 502 , NA , NA"
"1993 , 502 , NA , NA"
"1994 , 502 , NA , NA"
"1995 , 502 , NA , NA"
"1996 , 502 , NA , NA"
"1997 , 502 , NA , NA"
"1998 , 502 , NA , NA"
"1999 , 502 , NA , NA"
"2000 , 502 , NA , NA"
"2001 , 502 , NA , NA"
"2002 , 502 , NA , NA"
"2003 , 502 , NA , NA"
"2004 , 502 , NA , NA"
"2005 , 502 , NA , NA"
"2006 , 502 , NA , NA"
"2007 , 502 , NA , NA"
"2008 , 502 , NA , NA"
"2009 , 502 , NA , NA"
"2010 , 502 , NA , NA"
"2011 , 502 , NA , NA"
"2012 , 502 , NA , NA"
"2013 , 502 , NA , NA"
"2014 , 502 , NA , NA"
"2015 , 502 , NA , NA"
"2016 , 502 , NA , NA"
"1963 , 72 , NA , NA"
"1964 , 72 , NA , NA"
"1965 , 72 , NA , NA"
"1966 , 72 , NA , NA"
"1967 , 72 , NA , NA"
"1968 , 72 , NA , NA"
"1969 , 72 , NA , NA"
"1970 , 72 , NA , NA"
"1971 , 72 , NA , NA"
"1972 , 72 , NA , NA"
"1973 , 72 , NA , NA"
"1974 , 72 , NA , NA"
"1975 , 72 , NA , NA"
"1976 , 72 , NA , NA"
"1977 , 72 , NA , NA"
"1978 , 72 , NA , NA"
"1979 , 72 , NA , NA"
"1980 , 72 , NA , NA"
"1981 , 72 , NA , NA"
"1982 , 72 , NA , NA"
"1983 , 72 , NA , NA"
"1984 , 72 , NA , NA"
"1985 , 72 , NA , NA"
"1986 , 72 , NA , NA"
"1987 , 72 , NA , NA"
"1988 , 72 , NA , NA"
"1989 , 72 , NA , NA"
"1990 , 72 , NA , NA"
"1991 , 72 , NA , NA"
"1992 , 72 , NA , NA"
"1993 , 72 , NA , NA"
"1994 , 72 , NA , NA"
"1995 , 72 , NA , NA"
"1996 , 72 , NA , NA"
"1997 , 72 , NA , NA"
"1998 , 72 , NA , NA"
"1999 , 72 , NA , NA"
"2000 , 72 , NA , NA"
"2001 , 72 , NA , NA"
"2002 , 72 , NA , NA"
"2003 , 72 , NA , NA"
"2004 , 72 , NA , NA"
"2005 , 72 , NA , NA"
"2006 , 72 , NA , NA"
"2007 , 72 , NA , NA"
"2008 , 72 , NA , NA"
"2009 , 72 , NA , NA"
"2010 , 72 , NA , NA"
"2011 , 72 , NA , NA"
"2012 , 72 , NA , NA"
"2013 , 72 , NA , NA"
"2014 , 72 , NA , NA"
"2015 , 72 , NA , NA"
"2016 , 72 , NA , NA"
"1963 , 13 , NA , NA"
"1964 , 13 , NA , NA"
"1965 , 13 , NA , NA"
"1966 , 13 , NA , NA"
"1967 , 13 , NA , NA"
"1968 , 13 , NA , NA"
"1969 , 13 , NA , NA"
"1970 , 13 , NA , NA"
"1971 , 13 , NA , NA"
"1972 , 13 , NA , NA"
"1973 , 13 , NA , NA"
"1974 , 13 , NA , NA"
"1975 , 13 , NA , NA"
"1976 , 13 , NA , NA"
"1977 , 13 , NA , NA"
"1978 , 13 , NA , NA"
"1979 , 13 , NA , NA"
"1980 , 13 , NA , NA"
"1981 , 13 , NA , NA"
"1982 , 13 , NA , NA"
"1983 , 13 , NA , NA"
"1984 , 13 , NA , NA"
"1985 , 13 , NA , NA"
"1986 , 13 , NA , NA"
"1987 , 13 , NA , NA"
"1988 , 13 , NA , NA"
"1989 , 13 , NA , NA"
"1990 , 13 , NA , NA"
"1991 , 13 , NA , NA"
"1992 , 13 , NA , NA"
"1993 , 13 , NA , NA"
"1994 , 13 , NA , NA"
"1995 , 13 , NA , NA"
"1996 , 13 , NA , NA"
"1997 , 13 , NA , NA"
"1998 , 13 , NA , NA"
"1999 , 13 , NA , NA"
"2000 , 13 , NA , NA"
"2001 , 13 , NA , NA"
"2002 , 13 , NA , NA"
"2003 , 13 , NA , NA"
"2004 , 13 , NA , NA"
"2005 , 13 , NA , NA"
"2006 , 13 , NA , NA"
"2007 , 13 , NA , NA"
"2008 , 13 , NA , NA"
"2009 , 13 , NA , NA"
"2010 , 13 , NA , NA"
"2011 , 13 , NA , NA"
"2012 , 13 , NA , NA"
"2013 , 13 , NA , NA"
"2014 , 13 , NA , NA"
"2015 , 13 , NA , NA"
"2016 , 13 , NA , NA"
"1963 , 27 , NA , NA"
"1964 , 27 , NA , NA"
"1965 , 27 , NA , NA"
"1966 , 27 , NA , NA"
"1967 , 27 , NA , NA"
"1968 , 27 , NA , NA"
"1969 , 27 , NA , NA"
"1970 , 27 , NA , NA"
"1971 , 27 , NA , NA"
"1972 , 27 , NA , NA"
"1973 , 27 , NA , NA"
"1974 , 27 , NA , NA"
"1975 , 27 , NA , NA"
"1976 , 27 , NA , NA"
"1977 , 27 , NA , NA"
"1978 , 27 , NA , NA"
"1979 , 27 , NA , NA"
"1980 , 27 , NA , NA"
"1981 , 27 , NA , NA"
"1982 , 27 , NA , NA"
"1983 , 27 , NA , NA"
"1984 , 27 , NA , NA"
"1985 , 27 , NA , NA"
"1986 , 27 , NA , NA"
"1987 , 27 , NA , NA"
"1988 , 27 , NA , NA"
"1989 , 27 , NA , NA"
"1990 , 27 , NA , NA"
"1991 , 27 , NA , NA"
"1992 , 27 , NA , NA"
"1993 , 27 , NA , NA"
"1994 , 27 , NA , NA"
"1995 , 27 , NA , NA"
"1996 , 27 , NA , NA"
"1997 , 27 , NA , NA"
"1998 , 27 , NA , NA"
"1999 , 27 , NA , NA"
"2000 , 27 , NA , NA"
"2001 , 27 , NA , NA"
"2002 , 27 , NA , NA"
"2003 , 27 , NA , NA"
"2004 , 27 , NA , NA"
"2005 , 27 , NA , NA"
"2006 , 27 , NA , NA"
"2007 , 27 , NA , NA"
"2008 , 27 , NA , NA"
"2009 , 27 , NA , NA"
"2010 , 27 , NA , NA"
"2011 , 27 , NA , NA"
"2012 , 27 , NA , NA"
"2013 , 27 , NA , NA"
"2014 , 27 , NA , NA"
"2015 , 27 , NA , NA"
"2016 , 27 , NA , NA"
"1963 , 15 , NA , NA"
"1964 , 15 , NA , NA"
"1965 , 15 , NA , NA"
"1966 , 15 , NA , NA"
"1967 , 15 , NA , NA"
"1968 , 15 , NA , NA"
"1969 , 15 , NA , NA"
"1970 , 15 , NA , NA"
"1971 , 15 , NA , NA"
"1972 , 15 , NA , NA"
"1973 , 15 , NA , NA"
"1974 , 15 , NA , NA"
"1975 , 15 , NA , NA"
"1976 , 15 , NA , NA"
"1977 , 15 , NA , NA"
"1978 , 15 , NA , NA"
"1979 , 15 , NA , NA"
"1980 , 15 , NA , NA"
"1981 , 15 , NA , NA"
"1982 , 15 , NA , NA"
"1983 , 15 , NA , NA"
"1984 , 15 , NA , NA"
"1985 , 15 , NA , NA"
"1986 , 15 , NA , NA"
"1987 , 15 , NA , NA"
"1988 , 15 , NA , NA"
"1989 , 15 , NA , NA"
"1990 , 15 , NA , NA"
"1991 , 15 , NA , NA"
"1992 , 15 , NA , NA"
"1993 , 15 , NA , NA"
"1994 , 15 , NA , NA"
"1995 , 15 , NA , NA"
"1996 , 15 , NA , NA"
"1997 , 15 , NA , NA"
"1998 , 15 , NA , NA"
"1999 , 15 , NA , NA"
"2000 , 15 , NA , NA"
"2001 , 15 , NA , NA"
"2002 , 15 , NA , NA"
"2003 , 15 , NA , NA"
"2004 , 15 , NA , NA"
"2005 , 15 , NA , NA"
"2006 , 15 , NA , NA"
"2007 , 15 , NA , NA"
"2008 , 15 , NA , NA"
"2009 , 15 , NA , NA"
"2010 , 15 , NA , NA"
"2011 , 15 , NA , NA"
"2012 , 15 , NA , NA"
"2013 , 15 , NA , NA"
"2014 , 15 , NA , NA"
"2015 , 15 , NA , NA"
"2016 , 15 , NA , NA"
"1963 , 78 , NA , NA"
"1964 , 78 , NA , NA"
"1965 , 78 , NA , NA"
"1966 , 78 , NA , NA"
"1967 , 78 , NA , NA"
"1968 , 78 , NA , NA"
"1969 , 78 , NA , NA"
"1970 , 78 , NA , NA"
"1971 , 78 , NA , NA"
"1972 , 78 , NA , NA"
"1973 , 78 , NA , NA"
"1974 , 78 , NA , NA"
"1975 , 78 , NA , NA"
"1976 , 78 , NA , NA"
"1977 , 78 , NA , NA"
"1978 , 78 , NA , NA"
"1979 , 78 , NA , NA"
"1980 , 78 , NA , NA"
"1981 , 78 , NA , NA"
"1982 , 78 , NA , NA"
"1983 , 78 , NA , NA"
"1984 , 78 , NA , NA"
"1985 , 78 , NA , NA"
"1986 , 78 , NA , NA"
"1987 , 78 , NA , NA"
"1988 , 78 , NA , NA"
"1989 , 78 , NA , NA"
"1990 , 78 , NA , NA"
"1991 , 78 , NA , NA"
"1992 , 78 , NA , NA"
"1993 , 78 , NA , NA"
"1994 , 78 , NA , NA"
"1995 , 78 , NA , NA"
"1996 , 78 , NA , NA"
"1997 , 78 , NA , NA"
"1998 , 78 , NA , NA"
"1999 , 78 , NA , NA"
"2000 , 78 , NA , NA"
"2001 , 78 , NA , NA"
"2002 , 78 , NA , NA"
"2003 , 78 , NA , NA"
"2004 , 78 , NA , NA"
"2005 , 78 , NA , NA"
"2006 , 78 , NA , NA"
"2007 , 78 , NA , NA"
"2008 , 78 , NA , NA"
"2009 , 78 , NA , NA"
"2010 , 78 , NA , NA"
"2011 , 78 , NA , NA"
"2012 , 78 , NA , NA"
"2013 , 78 , NA , NA"
"2014 , 78 , NA , NA"
"2015 , 78 , NA , NA"
"2016 , 78 , NA , NA"
"1963 , 139 , NA , NA"
"1964 , 139 , NA , NA"
"1965 , 139 , NA , NA"
"1966 , 139 , NA , NA"
"1967 , 139 , NA , NA"
"1968 , 139 , NA , NA"
"1969 , 139 , NA , NA"
"1970 , 139 , NA , NA"
"1971 , 139 , NA , NA"
"1972 , 139 , NA , NA"
"1973 , 139 , NA , NA"
"1974 , 139 , NA , NA"
"1975 , 139 , NA , NA"
"1976 , 139 , NA , NA"
"1977 , 139 , NA , NA"
"1978 , 139 , NA , NA"
"1979 , 139 , NA , NA"
"1980 , 139 , NA , NA"
"1981 , 139 , NA , NA"
"1982 , 139 , NA , NA"
"1983 , 139 , NA , NA"
"1984 , 139 , NA , NA"
"1985 , 139 , NA , NA"
"1986 , 139 , NA , NA"
"1987 , 139 , NA , NA"
"1988 , 139 , NA , NA"
"1989 , 139 , NA , NA"
"1990 , 139 , NA , NA"
"1991 , 139 , NA , NA"
"1992 , 139 , NA , NA"
"1993 , 139 , NA , NA"
"1994 , 139 , NA , NA"
"1995 , 139 , NA , NA"
"1996 , 139 , NA , NA"
"1997 , 139 , NA , NA"
"1998 , 139 , NA , NA"
"1999 , 139 , NA , NA"
"2000 , 139 , NA , NA"
"2001 , 139 , NA , NA"
"2002 , 139 , NA , NA"
"2003 , 139 , NA , NA"
"2004 , 139 , NA , NA"
"2005 , 139 , NA , NA"
"2006 , 139 , NA , NA"
"2007 , 139 , NA , NA"
"2008 , 139 , NA , NA"
"2009 , 139 , NA , NA"
"2010 , 139 , NA , NA"
"2011 , 139 , NA , NA"
"2012 , 139 , NA , NA"
"2013 , 139 , NA , NA"
"2014 , 139 , NA , NA"
"2015 , 139 , NA , NA"
"2016 , 139 , NA , NA"
"1963 , 172 , NA , NA"
"1964 , 172 , NA , NA"
"1965 , 172 , NA , NA"
"1966 , 172 , NA , NA"
"1967 , 172 , NA , NA"
"1968 , 172 , NA , NA"
"1969 , 172 , NA , NA"
"1970 , 172 , NA , NA"
"1971 , 172 , NA , NA"
"1972 , 172 , NA , NA"
"1973 , 172 , NA , NA"
"1974 , 172 , NA , NA"
"1975 , 172 , NA , NA"
"1976 , 172 , NA , NA"
"1977 , 172 , NA , NA"
"1978 , 172 , NA , NA"
"1979 , 172 , NA , NA"
"1980 , 172 , NA , NA"
"1981 , 172 , NA , NA"
"1982 , 172 , NA , NA"
"1983 , 172 , NA , NA"
"1984 , 172 , NA , NA"
"1985 , 172 , NA , NA"
"1986 , 172 , NA , NA"
"1987 , 172 , NA , NA"
"1988 , 172 , NA , NA"
"1989 , 172 , NA , NA"
"1990 , 172 , NA , NA"
"1991 , 172 , NA , NA"
"1992 , 172 , NA , NA"
"1993 , 172 , NA , NA"
"1994 , 172 , NA , NA"
"1995 , 172 , NA , NA"
"1996 , 172 , NA , NA"
"1997 , 172 , NA , NA"
"1998 , 172 , NA , NA"
"1999 , 172 , NA , NA"
"2000 , 172 , NA , NA"
"2001 , 172 , NA , NA"
"2002 , 172 , NA , NA"
"2003 , 172 , NA , NA"
"2004 , 172 , NA , NA"
"2005 , 172 , NA , NA"
"2006 , 172 , NA , NA"
"2007 , 172 , NA , NA"
"2008 , 172 , NA , NA"
"2009 , 172 , NA , NA"
"2010 , 172 , NA , NA"
"2011 , 172 , NA , NA"
"2012 , 172 , NA , NA"
"2013 , 172 , NA , NA"
"2014 , 172 , NA , NA"
"2015 , 172 , NA , NA"
"2016 , 172 , NA , NA"
"1963 , 103 , NA , NA"
"1964 , 103 , NA , NA"
"1965 , 103 , NA , NA"
"1966 , 103 , NA , NA"
"1967 , 103 , NA , NA"
"1968 , 103 , NA , NA"
"1969 , 103 , NA , NA"
"1970 , 103 , NA , NA"
"1971 , 103 , NA , NA"
"1972 , 103 , NA , NA"
"1973 , 103 , NA , NA"
"1974 , 103 , NA , NA"
"1975 , 103 , NA , NA"
"1976 , 103 , NA , NA"
"1977 , 103 , NA , NA"
"1978 , 103 , NA , NA"
"1979 , 103 , NA , NA"
"1980 , 103 , NA , NA"
"1981 , 103 , NA , NA"
"1982 , 103 , NA , NA"
"1983 , 103 , NA , NA"
"1984 , 103 , NA , NA"
"1985 , 103 , NA , NA"
"1986 , 103 , NA , NA"
"1987 , 103 , NA , NA"
"1988 , 103 , NA , NA"
"1989 , 103 , NA , NA"
"1990 , 103 , NA , NA"
"1991 , 103 , NA , NA"
"1992 , 103 , NA , NA"
"1993 , 103 , NA , NA"
"1994 , 103 , NA , NA"
"1995 , 103 , NA , NA"
"1996 , 103 , NA , NA"
"1997 , 103 , NA , NA"
"1998 , 103 , NA , NA"
"1999 , 103 , NA , NA"
"2000 , 103 , NA , NA"
"2001 , 103 , NA , NA"
"2002 , 103 , NA , NA"
"2003 , 103 , NA , NA"
"2004 , 103 , NA , NA"
"2005 , 103 , NA , NA"
"2006 , 103 , NA , NA"
"2007 , 103 , NA , NA"
"2008 , 103 , NA , NA"
"2009 , 103 , NA , NA"
"2010 , 103 , NA , NA"
"2011 , 103 , NA , NA"
"2012 , 103 , NA , NA"
"2013 , 103 , NA , NA"
"2014 , 103 , NA , NA"
"2015 , 103 , NA , NA"
"2016 , 103 , NA , NA"
"1963 , 28 , NA , NA"
"1964 , 28 , NA , NA"
"1965 , 28 , NA , NA"
"1966 , 28 , NA , NA"
"1967 , 28 , NA , NA"
"1968 , 28 , NA , NA"
"1969 , 28 , NA , NA"
"1970 , 28 , NA , NA"
"1971 , 28 , NA , NA"
"1972 , 28 , NA , NA"
"1973 , 28 , NA , NA"
"1974 , 28 , NA , NA"
"1975 , 28 , NA , NA"
"1976 , 28 , NA , NA"
"1977 , 28 , NA , NA"
"1978 , 28 , NA , NA"
"1979 , 28 , NA , NA"
"1980 , 28 , NA , NA"
"1981 , 28 , NA , NA"
"1982 , 28 , NA , NA"
"1983 , 28 , NA , NA"
"1984 , 28 , NA , NA"
"1985 , 28 , NA , NA"
"1986 , 28 , NA , NA"
"1987 , 28 , NA , NA"
"1988 , 28 , NA , NA"
"1989 , 28 , NA , NA"
"1990 , 28 , NA , NA"
"1991 , 28 , NA , NA"
"1992 , 28 , NA , NA"
"1993 , 28 , NA , NA"
"1994 , 28 , NA , NA"
"1995 , 28 , NA , NA"
"1996 , 28 , NA , NA"
"1997 , 28 , NA , NA"
"1998 , 28 , NA , NA"
"1999 , 28 , NA , NA"
"2000 , 28 , NA , NA"
"2001 , 28 , NA , NA"
"2002 , 28 , NA , NA"
"2003 , 28 , NA , NA"
"2004 , 28 , NA , NA"
"2005 , 28 , NA , NA"
"2006 , 28 , NA , NA"
"2007 , 28 , NA , NA"
"2008 , 28 , NA , NA"
"2009 , 28 , NA , NA"
"2010 , 28 , NA , NA"
"2011 , 28 , NA , NA"
"2012 , 28 , NA , NA"
"2013 , 28 , NA , NA"
"2014 , 28 , NA , NA"
"2015 , 28 , NA , NA"
"2016 , 28 , NA , NA"
"1963 , 145 , NA , NA"
"1964 , 145 , NA , NA"
"1965 , 145 , NA , NA"
"1966 , 145 , NA , NA"
"1967 , 145 , NA , NA"
"1968 , 145 , NA , NA"
"1969 , 145 , NA , NA"
"1970 , 145 , NA , NA"
"1971 , 145 , NA , NA"
"1972 , 145 , NA , NA"
"1973 , 145 , NA , NA"
"1974 , 145 , NA , NA"
"1975 , 145 , NA , NA"
"1976 , 145 , NA , NA"
"1977 , 145 , NA , NA"
"1978 , 145 , NA , NA"
"1979 , 145 , NA , NA"
"1980 , 145 , NA , NA"
"1981 , 145 , NA , NA"
"1982 , 145 , NA , NA"
"1983 , 145 , NA , NA"
"1984 , 145 , NA , NA"
"1985 , 145 , NA , NA"
"1986 , 145 , NA , NA"
"1987 , 145 , NA , NA"
"1988 , 145 , NA , NA"
"1989 , 145 , NA , NA"
"1990 , 145 , NA , NA"
"1991 , 145 , NA , NA"
"1992 , 145 , NA , NA"
"1993 , 145 , NA , NA"
"1994 , 145 , NA , NA"
"1995 , 145 , NA , NA"
"1996 , 145 , NA , NA"
"1997 , 145 , NA , NA"
"1998 , 145 , NA , NA"
"1999 , 145 , NA , NA"
"2000 , 145 , NA , NA"
"2001 , 145 , NA , NA"
"2002 , 145 , NA , NA"
"2003 , 145 , NA , NA"
"2004 , 145 , NA , NA"
"2005 , 145 , NA , NA"
"2006 , 145 , NA , NA"
"2007 , 145 , NA , NA"
"2008 , 145 , NA , NA"
"2009 , 145 , NA , NA"
"2010 , 145 , NA , NA"
"2011 , 145 , NA , NA"
"2012 , 145 , NA , NA"
"2013 , 145 , NA , NA"
"2014 , 145 , NA , NA"
"2015 , 145 , NA , NA"
"2016 , 145 , NA , NA"
"1963 , 76 , NA , NA"
"1964 , 76 , NA , NA"
"1965 , 76 , NA , NA"
"1966 , 76 , NA , NA"
"1967 , 76 , NA , NA"
"1968 , 76 , NA , NA"
"1969 , 76 , NA , NA"
"1970 , 76 , NA , NA"
"1971 , 76 , NA , NA"
"1972 , 76 , NA , NA"
"1973 , 76 , NA , NA"
"1974 , 76 , NA , NA"
"1975 , 76 , NA , NA"
"1976 , 76 , NA , NA"
"1977 , 76 , NA , NA"
"1978 , 76 , NA , NA"
"1979 , 76 , NA , NA"
"1980 , 76 , NA , NA"
"1981 , 76 , NA , NA"
"1982 , 76 , NA , NA"
"1983 , 76 , NA , NA"
"1984 , 76 , NA , NA"
"1985 , 76 , NA , NA"
"1986 , 76 , NA , NA"
"1987 , 76 , NA , NA"
"1988 , 76 , NA , NA"
"1989 , 76 , NA , NA"
"1990 , 76 , NA , NA"
"1991 , 76 , NA , NA"
"1992 , 76 , NA , NA"
"1993 , 76 , NA , NA"
"1994 , 76 , NA , NA"
"1995 , 76 , NA , NA"
"1996 , 76 , NA , NA"
"1997 , 76 , NA , NA"
"1998 , 76 , NA , NA"
"1999 , 76 , NA , NA"
"2000 , 76 , NA , NA"
"2001 , 76 , NA , NA"
"2002 , 76 , NA , NA"
"2003 , 76 , NA , NA"
"2004 , 76 , NA , NA"
"2005 , 76 , NA , NA"
"2006 , 76 , NA , NA"
"2007 , 76 , NA , NA"
"2008 , 76 , NA , NA"
"2009 , 76 , NA , NA"
"2010 , 76 , NA , NA"
"2011 , 76 , NA , NA"
"2012 , 76 , NA , NA"
"2013 , 76 , NA , NA"
"2014 , 76 , NA , NA"
"2015 , 76 , NA , NA"
"2016 , 76 , NA , NA"
"1963 , 108 , NA , NA"
"1964 , 108 , NA , NA"
"1965 , 108 , NA , NA"
"1966 , 108 , NA , NA"
"1967 , 108 , NA , NA"
"1968 , 108 , NA , NA"
"1969 , 108 , NA , NA"
"1970 , 108 , NA , NA"
"1971 , 108 , NA , NA"
"1972 , 108 , NA , NA"
"1973 , 108 , NA , NA"
"1974 , 108 , NA , NA"
"1975 , 108 , NA , NA"
"1976 , 108 , NA , NA"
"1977 , 108 , NA , NA"
"1978 , 108 , NA , NA"
"1979 , 108 , NA , NA"
"1980 , 108 , NA , NA"
"1981 , 108 , NA , NA"
"1982 , 108 , NA , NA"
"1983 , 108 , NA , NA"
"1984 , 108 , NA , NA"
"1985 , 108 , NA , NA"
"1986 , 108 , NA , NA"
"1987 , 108 , NA , NA"
"1988 , 108 , NA , NA"
"1989 , 108 , NA , NA"
"1990 , 108 , NA , NA"
"1991 , 108 , NA , NA"
"1992 , 108 , NA , NA"
"1993 , 108 , NA , NA"
"1994 , 108 , NA , NA"
"1995 , 108 , NA , NA"
"1996 , 108 , NA , NA"
"1997 , 108 , NA , NA"
"1998 , 108 , NA , NA"
"1999 , 108 , NA , NA"
"2000 , 108 , NA , NA"
"2001 , 108 , NA , NA"
"2002 , 108 , NA , NA"
"2003 , 108 , NA , NA"
"2004 , 108 , NA , NA"
"2005 , 108 , NA , NA"
"2006 , 108 , NA , NA"
"2007 , 108 , NA , NA"
"2008 , 108 , NA , NA"
"2009 , 108 , NA , NA"
"2010 , 108 , NA , NA"
"2011 , 108 , NA , NA"
"2012 , 108 , NA , NA"
"2013 , 108 , NA , NA"
"2014 , 108 , NA , NA"
"2015 , 108 , NA , NA"
"2016 , 108 , NA , NA"
"1963 , 106 , NA , NA"
"1964 , 106 , NA , NA"
"1965 , 106 , NA , NA"
"1966 , 106 , NA , NA"
"1967 , 106 , NA , NA"
"1968 , 106 , NA , NA"
"1969 , 106 , NA , NA"
"1970 , 106 , NA , NA"
"1971 , 106 , NA , NA"
"1972 , 106 , NA , NA"
"1973 , 106 , NA , NA"
"1974 , 106 , NA , NA"
"1975 , 106 , NA , NA"
"1976 , 106 , NA , NA"
"1977 , 106 , NA , NA"
"1978 , 106 , NA , NA"
"1979 , 106 , NA , NA"
"1980 , 106 , NA , NA"
"1981 , 106 , NA , NA"
"1982 , 106 , NA , NA"
"1983 , 106 , NA , NA"
"1984 , 106 , NA , NA"
"1985 , 106 , NA , NA"
"1986 , 106 , NA , NA"
"1987 , 106 , NA , NA"
"1988 , 106 , NA , NA"
"1989 , 106 , NA , NA"
"1990 , 106 , NA , NA"
"1991 , 106 , NA , NA"
"1992 , 106 , NA , NA"
"1993 , 106 , NA , NA"
"1994 , 106 , NA , NA"
"1995 , 106 , NA , NA"
"1996 , 106 , NA , NA"
"1997 , 106 , NA , NA"
"1998 , 106 , NA , NA"
"1999 , 106 , NA , NA"
"2000 , 106 , NA , NA"
"2001 , 106 , NA , NA"
"2002 , 106 , NA , NA"
"2003 , 106 , NA , NA"
"2004 , 106 , NA , NA"
"2005 , 106 , NA , NA"
"2006 , 106 , NA , NA"
"2007 , 106 , NA , NA"
"2008 , 106 , NA , NA"
"2009 , 106 , NA , NA"
"2010 , 106 , NA , NA"
"2011 , 106 , NA , NA"
"2012 , 106 , NA , NA"
"2013 , 106 , NA , NA"
"2014 , 106 , NA , NA"
"2015 , 106 , NA , NA"
"2016 , 106 , NA , NA"
"1963 , 23 , NA , NA"
"1964 , 23 , NA , NA"
"1965 , 23 , NA , NA"
"1966 , 23 , NA , NA"
"1967 , 23 , NA , NA"
"1968 , 23 , NA , NA"
"1969 , 23 , NA , NA"
"1970 , 23 , NA , NA"
"1971 , 23 , NA , NA"
"1972 , 23 , NA , NA"
"1973 , 23 , NA , NA"
"1974 , 23 , NA , NA"
"1975 , 23 , NA , NA"
"1976 , 23 , NA , NA"
"1977 , 23 , NA , NA"
"1978 , 23 , NA , NA"
"1979 , 23 , NA , NA"
"1980 , 23 , NA , NA"
"1981 , 23 , NA , NA"
"1982 , 23 , NA , NA"
"1983 , 23 , NA , NA"
"1984 , 23 , NA , NA"
"1985 , 23 , NA , NA"
"1986 , 23 , NA , NA"
"1987 , 23 , NA , NA"
"1988 , 23 , NA , NA"
"1989 , 23 , NA , NA"
"1990 , 23 , NA , NA"
"1991 , 23 , NA , NA"
"1992 , 23 , NA , NA"
"1993 , 23 , NA , NA"
"1994 , 23 , NA , NA"
"1995 , 23 , NA , NA"
"1996 , 23 , NA , NA"
"1997 , 23 , NA , NA"
"1998 , 23 , NA , NA"
"1999 , 23 , NA , NA"
"2000 , 23 , NA , NA"
"2001 , 23 , NA , NA"
"2002 , 23 , NA , NA"
"2003 , 23 , NA , NA"
"2004 , 23 , NA , NA"
"2005 , 23 , NA , NA"
"2006 , 23 , NA , NA"
"2007 , 23 , NA , NA"
"2008 , 23 , NA , NA"
"2009 , 23 , NA , NA"
"2010 , 23 , NA , NA"
"2011 , 23 , NA , NA"
"2012 , 23 , NA , NA"
"2013 , 23 , NA , NA"
"2014 , 23 , NA , NA"
"2015 , 23 , NA , NA"
"2016 , 23 , NA , NA"
"1963 , 107 , NA , NA"
"1964 , 107 , NA , NA"
"1965 , 107 , NA , NA"
"1966 , 107 , NA , NA"
"1967 , 107 , NA , NA"
"1968 , 107 , NA , NA"
"1969 , 107 , NA , NA"
"1970 , 107 , NA , NA"
"1971 , 107 , NA , NA"
"1972 , 107 , NA , NA"
"1973 , 107 , NA , NA"
"1974 , 107 , NA , NA"
"1975 , 107 , NA , NA"
"1976 , 107 , NA , NA"
"1977 , 107 , NA , NA"
"1978 , 107 , NA , NA"
"1979 , 107 , NA , NA"
"1980 , 107 , NA , NA"
"1981 , 107 , NA , NA"
"1982 , 107 , NA , NA"
"1983 , 107 , NA , NA"
"1984 , 107 , NA , NA"
"1985 , 107 , NA , NA"
"1986 , 107 , NA , NA"
"1987 , 107 , NA , NA"
"1988 , 107 , NA , NA"
"1989 , 107 , NA , NA"
"1990 , 107 , NA , NA"
"1991 , 107 , NA , NA"
"1992 , 107 , NA , NA"
"1993 , 107 , NA , NA"
"1994 , 107 , NA , NA"
"1995 , 107 , NA , NA"
"1996 , 107 , NA , NA"
"1997 , 107 , NA , NA"
"1998 , 107 , NA , NA"
"1999 , 107 , NA , NA"
"2000 , 107 , NA , NA"
"2001 , 107 , NA , NA"
"2002 , 107 , NA , NA"
"2003 , 107 , NA , NA"
"2004 , 107 , NA , NA"
"2005 , 107 , NA , NA"
"2006 , 107 , NA , NA"
"2007 , 107 , NA , NA"
"2008 , 107 , NA , NA"
"2009 , 107 , NA , NA"
"2010 , 107 , NA , NA"
"2011 , 107 , NA , NA"
"2012 , 107 , NA , NA"
"2013 , 107 , NA , NA"
"2014 , 107 , NA , NA"
"2015 , 107 , NA , NA"
"2016 , 107 , NA , NA"
"1963 , 192 , NA , NA"
"1964 , 192 , NA , NA"
"1965 , 192 , NA , NA"
"1966 , 192 , NA , NA"
"1967 , 192 , NA , NA"
"1968 , 192 , NA , NA"
"1969 , 192 , NA , NA"
"1970 , 192 , NA , NA"
"1971 , 192 , NA , NA"
"1972 , 192 , NA , NA"
"1973 , 192 , NA , NA"
"1974 , 192 , NA , NA"
"1975 , 192 , NA , NA"
"1976 , 192 , NA , NA"
"1977 , 192 , NA , NA"
"1978 , 192 , NA , NA"
"1979 , 192 , NA , NA"
"1980 , 192 , NA , NA"
"1981 , 192 , NA , NA"
"1982 , 192 , NA , NA"
"1983 , 192 , NA , NA"
"1984 , 192 , NA , NA"
"1985 , 192 , NA , NA"
"1986 , 192 , NA , NA"
"1987 , 192 , NA , NA"
"1988 , 192 , NA , NA"
"1989 , 192 , NA , NA"
"1990 , 192 , NA , NA"
"1991 , 192 , NA , NA"
"1992 , 192 , NA , NA"
"1993 , 192 , NA , NA"
"1994 , 192 , NA , NA"
"1995 , 192 , NA , NA"
"1996 , 192 , NA , NA"
"1997 , 192 , NA , NA"
"1998 , 192 , NA , NA"
"1999 , 192 , NA , NA"
"2000 , 192 , NA , NA"
"2001 , 192 , NA , NA"
"2002 , 192 , NA , NA"
"2003 , 192 , NA , NA"
"2004 , 192 , NA , NA"
"2005 , 192 , NA , NA"
"2006 , 192 , NA , NA"
"2007 , 192 , NA , NA"
"2008 , 192 , NA , NA"
"2009 , 192 , NA , NA"
"2010 , 192 , NA , NA"
"2011 , 192 , NA , NA"
"2012 , 192 , NA , NA"
"2013 , 192 , NA , NA"
"2014 , 192 , NA , NA"
"2015 , 192 , NA , NA"
"2016 , 192 , NA , NA"
"1963 , 105 , NA , NA"
"1964 , 105 , NA , NA"
"1965 , 105 , NA , NA"
"1966 , 105 , NA , NA"
"1967 , 105 , NA , NA"
"1968 , 105 , NA , NA"
"1969 , 105 , NA , NA"
"1970 , 105 , NA , NA"
"1971 , 105 , NA , NA"
"1972 , 105 , NA , NA"
"1973 , 105 , NA , NA"
"1974 , 105 , NA , NA"
"1975 , 105 , NA , NA"
"1976 , 105 , NA , NA"
"1977 , 105 , NA , NA"
"1978 , 105 , NA , NA"
"1979 , 105 , NA , NA"
"1980 , 105 , NA , NA"
"1981 , 105 , NA , NA"
"1982 , 105 , NA , NA"
"1983 , 105 , NA , NA"
"1984 , 105 , NA , NA"
"1985 , 105 , NA , NA"
"1986 , 105 , NA , NA"
"1987 , 105 , NA , NA"
"1988 , 105 , NA , NA"
"1989 , 105 , NA , NA"
"1990 , 105 , NA , NA"
"1991 , 105 , NA , NA"
"1992 , 105 , NA , NA"
"1993 , 105 , NA , NA"
"1994 , 105 , NA , NA"
"1995 , 105 , NA , NA"
"1996 , 105 , NA , NA"
"1997 , 105 , NA , NA"
"1998 , 105 , NA , NA"
"1999 , 105 , NA , NA"
"2000 , 105 , NA , NA"
"2001 , 105 , NA , NA"
"2002 , 105 , NA , NA"
"2003 , 105 , NA , NA"
"2004 , 105 , NA , NA"
"2005 , 105 , NA , NA"
"2006 , 105 , NA , NA"
"2007 , 105 , NA , NA"
"2008 , 105 , NA , NA"
"2009 , 105 , NA , NA"
"2010 , 105 , NA , NA"
"2011 , 105 , NA , NA"
"2012 , 105 , NA , NA"
"2013 , 105 , NA , NA"
"2014 , 105 , NA , NA"
"2015 , 105 , NA , NA"
"2016 , 105 , NA , NA"
